technique_id,technique_name,data_component_id,data_component_name,requirement_rows,unique_log_source_requirements,has_explicit_event_id_requirement,exact_event_evidence,any_source_evidence,best_evidence_status,best_evidence_strength,evidence_sources
T1001,Data Obfuscation,DC0032,Process Creation,333,333,True,True,True,exact_event_observed,3,BOTS | EVTX
T1001,Data Obfuscation,DC0082,Network Connection Creation,98,98,True,True,True,exact_event_observed,3,BOTS | EVTX
T1001,Data Obfuscation,DC0085,Network Traffic Content,279,279,True,False,True,source_observed,2,BOTS | EVTX
T1001.001,Junk Data,DC0032,Process Creation,333,333,True,True,True,exact_event_observed,3,BOTS | EVTX
T1001.001,Junk Data,DC0035,Process Access,35,35,True,True,True,exact_event_observed,3,BOTS | EVTX
T1001.001,Junk Data,DC0082,Network Connection Creation,98,98,True,True,True,exact_event_observed,3,BOTS | EVTX
T1001.001,Junk Data,DC0085,Network Traffic Content,279,279,True,False,True,source_observed,2,BOTS | EVTX
T1001.002,Steganography,DC0032,Process Creation,333,333,True,True,True,exact_event_observed,3,BOTS | EVTX
T1001.002,Steganography,DC0039,File Creation,128,128,True,True,True,exact_event_observed,3,BOTS | EVTX
T1001.002,Steganography,DC0059,File Metadata,91,91,True,True,True,exact_event_observed,3,BOTS | EVTX
T1001.002,Steganography,DC0082,Network Connection Creation,98,98,True,True,True,exact_event_observed,3,BOTS | EVTX
T1001.002,Steganography,DC0085,Network Traffic Content,279,279,True,False,True,source_observed,2,BOTS | EVTX
T1001.003,Protocol or Service Impersonation,DC0032,Process Creation,333,333,True,True,True,exact_event_observed,3,BOTS | EVTX
T1001.003,Protocol or Service Impersonation,DC0034,Process Metadata,45,45,True,False,True,source_observed,2,BOTS | EVTX
T1001.003,Protocol or Service Impersonation,DC0082,Network Connection Creation,98,98,True,True,True,exact_event_observed,3,BOTS | EVTX
T1001.003,Protocol or Service Impersonation,DC0085,Network Traffic Content,279,279,True,False,True,source_observed,2,BOTS | EVTX
T1003,OS Credential Dumping,DC0032,Process Creation,333,333,True,True,True,exact_event_observed,3,BOTS | EVTX
T1003,OS Credential Dumping,DC0034,Process Metadata,45,45,True,False,True,source_observed,2,BOTS | EVTX
T1003,OS Credential Dumping,DC0035,Process Access,35,35,True,True,True,exact_event_observed,3,BOTS | EVTX
T1003,OS Credential Dumping,DC0055,File Access,113,113,True,True,True,exact_event_observed,3,BOTS | EVTX
T1003,OS Credential Dumping,DC0071,Active Directory Object Access,2,2,True,True,True,exact_event_observed,3,BOTS | EVTX
T1003.001,LSASS Memory,DC0013,User Account Metadata,29,29,True,True,True,exact_event_observed,3,BOTS | EVTX
T1003.001,LSASS Memory,DC0032,Process Creation,333,333,True,True,True,exact_event_observed,3,BOTS | EVTX
T1003.001,LSASS Memory,DC0035,Process Access,35,35,True,True,True,exact_event_observed,3,BOTS | EVTX
T1003.001,LSASS Memory,DC0039,File Creation,128,128,True,True,True,exact_event_observed,3,BOTS | EVTX
T1003.001,LSASS Memory,DC0063,Windows Registry Key Modification,9,9,True,True,True,exact_event_observed,3,BOTS | EVTX
T1003.002,Security Account Manager,DC0032,Process Creation,333,333,True,True,True,exact_event_observed,3,BOTS | EVTX
T1003.002,Security Account Manager,DC0039,File Creation,128,128,True,True,True,exact_event_observed,3,BOTS | EVTX
T1003.002,Security Account Manager,DC0061,File Modification,150,150,True,True,True,exact_event_observed,3,BOTS | EVTX
T1003.002,Security Account Manager,DC0063,Windows Registry Key Modification,9,9,True,True,True,exact_event_observed,3,BOTS | EVTX
T1003.003,NTDS,DC0032,Process Creation,333,333,True,True,True,exact_event_observed,3,BOTS | EVTX
T1003.003,NTDS,DC0039,File Creation,128,128,True,True,True,exact_event_observed,3,BOTS | EVTX
T1003.003,NTDS,DC0061,File Modification,150,150,True,True,True,exact_event_observed,3,BOTS | EVTX
T1003.003,NTDS,DC0097,Volume Creation,2,2,False,False,True,source_observed,2,BOTS | EVTX
T1003.004,LSA Secrets,DC0016,Module Load,45,45,True,True,True,exact_event_observed,3,BOTS | EVTX
T1003.004,LSA Secrets,DC0032,Process Creation,333,333,True,True,True,exact_event_observed,3,BOTS | EVTX
T1003.004,LSA Secrets,DC0035,Process Access,35,35,True,True,True,exact_event_observed,3,BOTS | EVTX
T1003.004,LSA Secrets,DC0061,File Modification,150,150,True,True,True,exact_event_observed,3,BOTS | EVTX
T1003.005,Cached Domain Credentials,DC0032,Process Creation,333,333,True,True,True,exact_event_observed,3,BOTS | EVTX
T1003.005,Cached Domain Credentials,DC0035,Process Access,35,35,True,True,True,exact_event_observed,3,BOTS | EVTX
T1003.005,Cached Domain Credentials,DC0055,File Access,113,113,True,True,True,exact_event_observed,3,BOTS | EVTX
T1003.006,DCSync,DC0068,Active Directory Object Deletion,1,1,True,False,True,source_observed_event_unverified,1,BOTS | EVTX
T1003.006,DCSync,DC0071,Active Directory Object Access,2,2,True,True,True,exact_event_observed,3,BOTS | EVTX
T1003.006,DCSync,DC0085,Network Traffic Content,279,279,True,False,True,source_observed,2,BOTS | EVTX
T1003.007,Proc Filesystem,DC0032,Process Creation,333,333,True,True,True,exact_event_observed,3,BOTS | EVTX
T1003.007,Proc Filesystem,DC0035,Process Access,35,35,True,True,True,exact_event_observed,3,BOTS | EVTX
T1003.007,Proc Filesystem,DC0055,File Access,113,113,True,True,True,exact_event_observed,3,BOTS | EVTX
T1003.007,Proc Filesystem,DC0061,File Modification,150,150,True,True,True,exact_event_observed,3,BOTS | EVTX
T1003.008,/etc/passwd and /etc/shadow,DC0032,Process Creation,333,333,True,True,True,exact_event_observed,3,BOTS | EVTX
T1003.008,/etc/passwd and /etc/shadow,DC0055,File Access,113,113,True,True,True,exact_event_observed,3,BOTS | EVTX
T1005,Data from Local System,DC0032,Process Creation,333,333,True,True,True,exact_event_observed,3,BOTS | EVTX
T1005,Data from Local System,DC0039,File Creation,128,128,True,True,True,exact_event_observed,3,BOTS | EVTX
T1005,Data from Local System,DC0055,File Access,113,113,True,True,True,exact_event_observed,3,BOTS | EVTX
T1005,Data from Local System,DC0064,Command Execution,291,291,True,True,True,exact_event_observed,3,BOTS | EVTX
T1006,Direct Volume Access,DC0032,Process Creation,333,333,True,True,True,exact_event_observed,3,BOTS | EVTX
T1006,Direct Volume Access,DC0035,Process Access,35,35,True,True,True,exact_event_observed,3,BOTS | EVTX
T1006,Direct Volume Access,DC0064,Command Execution,291,291,True,True,True,exact_event_observed,3,BOTS | EVTX
T1007,System Service Discovery,DC0032,Process Creation,333,333,True,True,True,exact_event_observed,3,BOTS | EVTX
T1007,System Service Discovery,DC0064,Command Execution,291,291,True,True,True,exact_event_observed,3,BOTS | EVTX
T1008,Fallback Channels,DC0078,Network Traffic Flow,159,159,True,False,True,source_observed,2,BOTS | EVTX
T1008,Fallback Channels,DC0082,Network Connection Creation,98,98,True,True,True,exact_event_observed,3,BOTS | EVTX
T1010,Application Window Discovery,DC0021,OS API Execution,170,170,True,True,True,exact_event_observed,3,BOTS | EVTX
T1010,Application Window Discovery,DC0032,Process Creation,333,333,True,True,True,exact_event_observed,3,BOTS | EVTX
T1010,Application Window Discovery,DC0035,Process Access,35,35,True,True,True,exact_event_observed,3,BOTS | EVTX
T1010,Application Window Discovery,DC0064,Command Execution,291,291,True,True,True,exact_event_observed,3,BOTS | EVTX
T1011,Exfiltration Over Other Network Medium,DC0018,Host Status,50,50,True,True,True,exact_event_observed,3,BOTS | EVTX
T1011,Exfiltration Over Other Network Medium,DC0032,Process Creation,333,333,True,True,True,exact_event_observed,3,BOTS | EVTX
T1011,Exfiltration Over Other Network Medium,DC0039,File Creation,128,128,True,True,True,exact_event_observed,3,BOTS | EVTX
T1011,Exfiltration Over Other Network Medium,DC0064,Command Execution,291,291,True,True,True,exact_event_observed,3,BOTS | EVTX
T1011,Exfiltration Over Other Network Medium,DC0078,Network Traffic Flow,159,159,True,False,True,source_observed,2,BOTS | EVTX
T1011,Exfiltration Over Other Network Medium,DC0082,Network Connection Creation,98,98,True,True,True,exact_event_observed,3,BOTS | EVTX
T1011,Exfiltration Over Other Network Medium,DC0085,Network Traffic Content,279,279,True,False,True,source_observed,2,BOTS | EVTX
T1011.001,Exfiltration Over Bluetooth,DC0032,Process Creation,333,333,True,True,True,exact_event_observed,3,BOTS | EVTX
T1011.001,Exfiltration Over Bluetooth,DC0039,File Creation,128,128,True,True,True,exact_event_observed,3,BOTS | EVTX
T1011.001,Exfiltration Over Bluetooth,DC0055,File Access,113,113,True,True,True,exact_event_observed,3,BOTS | EVTX
T1011.001,Exfiltration Over Bluetooth,DC0064,Command Execution,291,291,True,True,True,exact_event_observed,3,BOTS | EVTX
T1011.001,Exfiltration Over Bluetooth,DC0082,Network Connection Creation,98,98,True,True,True,exact_event_observed,3,BOTS | EVTX
T1012,Query Registry,DC0032,Process Creation,333,333,True,True,True,exact_event_observed,3,BOTS | EVTX
T1012,Query Registry,DC0063,Windows Registry Key Modification,9,9,True,True,True,exact_event_observed,3,BOTS | EVTX
T1012,Query Registry,DC0064,Command Execution,291,291,True,True,True,exact_event_observed,3,BOTS | EVTX
T1014,Rootkit,DC0016,Module Load,45,45,True,True,True,exact_event_observed,3,BOTS | EVTX
T1014,Rootkit,DC0032,Process Creation,333,333,True,True,True,exact_event_observed,3,BOTS | EVTX
T1014,Rootkit,DC0039,File Creation,128,128,True,True,True,exact_event_observed,3,BOTS | EVTX
T1014,Rootkit,DC0060,Service Creation,15,15,True,True,True,exact_event_observed,3,BOTS | EVTX
T1014,Rootkit,DC0061,File Modification,150,150,True,True,True,exact_event_observed,3,BOTS | EVTX
T1014,Rootkit,DC0079,Driver Load,3,3,True,True,True,exact_event_observed,3,BOTS | EVTX
T1016,System Network Configuration Discovery,DC0032,Process Creation,333,333,True,True,True,exact_event_observed,3,BOTS | EVTX
T1016,System Network Configuration Discovery,DC0064,Command Execution,291,291,True,True,True,exact_event_observed,3,BOTS | EVTX
T1016.001,Internet Connection Discovery,DC0029,Script Execution,32,32,True,True,True,exact_event_observed,3,BOTS | EVTX
T1016.001,Internet Connection Discovery,DC0032,Process Creation,333,333,True,True,True,exact_event_observed,3,BOTS | EVTX
T1016.001,Internet Connection Discovery,DC0064,Command Execution,291,291,True,True,True,exact_event_observed,3,BOTS | EVTX
T1016.001,Internet Connection Discovery,DC0082,Network Connection Creation,98,98,True,True,True,exact_event_observed,3,BOTS | EVTX
T1016.002,Wi-Fi Discovery,DC0032,Process Creation,333,333,True,True,True,exact_event_observed,3,BOTS | EVTX
T1016.002,Wi-Fi Discovery,DC0055,File Access,113,113,True,True,True,exact_event_observed,3,BOTS | EVTX
T1016.002,Wi-Fi Discovery,DC0064,Command Execution,291,291,True,True,True,exact_event_observed,3,BOTS | EVTX
T1018,Remote System Discovery,DC0032,Process Creation,333,333,True,True,True,exact_event_observed,3,BOTS | EVTX
T1018,Remote System Discovery,DC0055,File Access,113,113,True,True,True,exact_event_observed,3,BOTS | EVTX
T1018,Remote System Discovery,DC0064,Command Execution,291,291,True,True,True,exact_event_observed,3,BOTS | EVTX
T1018,Remote System Discovery,DC0082,Network Connection Creation,98,98,True,True,True,exact_event_observed,3,BOTS | EVTX
T1020,Automated Exfiltration,DC0001,Scheduled Job Creation,17,17,True,True,True,exact_event_observed,3,BOTS | EVTX
T1020,Automated Exfiltration,DC0032,Process Creation,333,333,True,True,True,exact_event_observed,3,BOTS | EVTX
T1020,Automated Exfiltration,DC0082,Network Connection Creation,98,98,True,True,True,exact_event_observed,3,BOTS | EVTX
T1020.001,Traffic Duplication,DC0078,Network Traffic Flow,159,159,True,False,True,source_observed,2,BOTS | EVTX
T1020.001,Traffic Duplication,DC0082,Network Connection Creation,98,98,True,True,True,exact_event_observed,3,BOTS | EVTX
T1021,Remote Services,DC0032,Process Creation,333,333,True,True,True,exact_event_observed,3,BOTS | EVTX
T1021,Remote Services,DC0064,Command Execution,291,291,True,True,True,exact_event_observed,3,BOTS | EVTX
T1021,Remote Services,DC0067,Logon Session Creation,67,67,True,True,True,exact_event_observed,3,BOTS | EVTX
T1021,Remote Services,DC0082,Network Connection Creation,98,98,True,True,True,exact_event_observed,3,BOTS | EVTX
T1021.001,Remote Desktop Protocol,DC0032,Process Creation,333,333,True,True,True,exact_event_observed,3,BOTS | EVTX
T1021.001,Remote Desktop Protocol,DC0067,Logon Session Creation,67,67,True,True,True,exact_event_observed,3,BOTS | EVTX
T1021.001,Remote Desktop Protocol,DC0082,Network Connection Creation,98,98,True,True,True,exact_event_observed,3,BOTS | EVTX
T1021.001,Remote Desktop Protocol,DC0088,Logon Session Metadata,34,34,True,True,True,exact_event_observed,3,BOTS | EVTX
T1021.002,SMB/Windows Admin Shares,DC0032,Process Creation,333,333,True,True,True,exact_event_observed,3,BOTS | EVTX
T1021.002,SMB/Windows Admin Shares,DC0067,Logon Session Creation,67,67,True,True,True,exact_event_observed,3,BOTS | EVTX
T1021.002,SMB/Windows Admin Shares,DC0082,Network Connection Creation,98,98,True,True,True,exact_event_observed,3,BOTS | EVTX
T1021.003,Distributed Component Object Model,DC0016,Module Load,45,45,True,True,True,exact_event_observed,3,BOTS | EVTX
T1021.003,Distributed Component Object Model,DC0032,Process Creation,333,333,True,True,True,exact_event_observed,3,BOTS | EVTX
T1021.003,Distributed Component Object Model,DC0067,Logon Session Creation,67,67,True,True,True,exact_event_observed,3,BOTS | EVTX
T1021.003,Distributed Component Object Model,DC0082,Network Connection Creation,98,98,True,True,True,exact_event_observed,3,BOTS | EVTX
T1021.004,SSH,DC0032,Process Creation,333,333,True,True,True,exact_event_observed,3,BOTS | EVTX
T1021.004,SSH,DC0064,Command Execution,291,291,True,True,True,exact_event_observed,3,BOTS | EVTX
T1021.004,SSH,DC0067,Logon Session Creation,67,67,True,True,True,exact_event_observed,3,BOTS | EVTX
T1021.004,SSH,DC0078,Network Traffic Flow,159,159,True,False,True,source_observed,2,BOTS | EVTX
T1021.004,SSH,DC0085,Network Traffic Content,279,279,True,False,True,source_observed,2,BOTS | EVTX
T1021.004,SSH,DC0088,Logon Session Metadata,34,34,True,True,True,exact_event_observed,3,BOTS | EVTX
T1021.005,VNC,DC0032,Process Creation,333,333,True,True,True,exact_event_observed,3,BOTS | EVTX
T1021.005,VNC,DC0067,Logon Session Creation,67,67,True,True,True,exact_event_observed,3,BOTS | EVTX
T1021.005,VNC,DC0078,Network Traffic Flow,159,159,True,False,True,source_observed,2,BOTS | EVTX
T1021.005,VNC,DC0088,Logon Session Metadata,34,34,True,True,True,exact_event_observed,3,BOTS | EVTX
T1021.006,Windows Remote Management,DC0032,Process Creation,333,333,True,True,True,exact_event_observed,3,BOTS | EVTX
T1021.006,Windows Remote Management,DC0041,Service Metadata,22,22,True,True,True,exact_event_observed,3,BOTS | EVTX
T1021.006,Windows Remote Management,DC0067,Logon Session Creation,67,67,True,True,True,exact_event_observed,3,BOTS | EVTX
T1021.006,Windows Remote Management,DC0078,Network Traffic Flow,159,159,True,False,True,source_observed,2,BOTS | EVTX
T1021.007,Cloud Services,DC0055,File Access,113,113,True,True,True,exact_event_observed,3,BOTS | EVTX
T1021.007,Cloud Services,DC0064,Command Execution,291,291,True,True,True,exact_event_observed,3,BOTS | EVTX
T1021.007,Cloud Services,DC0067,Logon Session Creation,67,67,True,True,True,exact_event_observed,3,BOTS | EVTX
T1021.008,Direct Cloud VM Connections,DC0032,Process Creation,333,333,True,True,True,exact_event_observed,3,BOTS | EVTX
T1021.008,Direct Cloud VM Connections,DC0067,Logon Session Creation,67,67,True,True,True,exact_event_observed,3,BOTS | EVTX
T1025,Data from Removable Media,DC0032,Process Creation,333,333,True,True,True,exact_event_observed,3,BOTS | EVTX
T1025,Data from Removable Media,DC0042,Drive Creation,22,22,True,False,True,source_observed,2,BOTS | EVTX
T1025,Data from Removable Media,DC0055,File Access,113,113,True,True,True,exact_event_observed,3,BOTS | EVTX
T1027,Obfuscated Files or Information,DC0021,OS API Execution,170,170,True,True,True,exact_event_observed,3,BOTS | EVTX
T1027,Obfuscated Files or Information,DC0032,Process Creation,333,333,True,True,True,exact_event_observed,3,BOTS | EVTX
T1027,Obfuscated Files or Information,DC0039,File Creation,128,128,True,True,True,exact_event_observed,3,BOTS | EVTX
T1027,Obfuscated Files or Information,DC0059,File Metadata,91,91,True,True,True,exact_event_observed,3,BOTS | EVTX
T1027,Obfuscated Files or Information,DC0061,File Modification,150,150,True,True,True,exact_event_observed,3,BOTS | EVTX
T1027,Obfuscated Files or Information,DC0064,Command Execution,291,291,True,True,True,exact_event_observed,3,BOTS | EVTX
T1027,Obfuscated Files or Information,DC0085,Network Traffic Content,279,279,True,False,True,source_observed,2,BOTS | EVTX
T1027.001,Binary Padding,DC0032,Process Creation,333,333,True,True,True,exact_event_observed,3,BOTS | EVTX
T1027.001,Binary Padding,DC0039,File Creation,128,128,True,True,True,exact_event_observed,3,BOTS | EVTX
T1027.001,Binary Padding,DC0055,File Access,113,113,True,True,True,exact_event_observed,3,BOTS | EVTX
T1027.002,Software Packing,DC0020,Process Modification,19,19,True,True,True,exact_event_observed,3,BOTS | EVTX
T1027.002,Software Packing,DC0032,Process Creation,333,333,True,True,True,exact_event_observed,3,BOTS | EVTX
T1027.002,Software Packing,DC0035,Process Access,35,35,True,True,True,exact_event_observed,3,BOTS | EVTX
T1027.003,Steganography,DC0032,Process Creation,333,333,True,True,True,exact_event_observed,3,BOTS | EVTX
T1027.003,Steganography,DC0055,File Access,113,113,True,True,True,exact_event_observed,3,BOTS | EVTX
T1027.003,Steganography,DC0082,Network Connection Creation,98,98,True,True,True,exact_event_observed,3,BOTS | EVTX
T1027.004,Compile After Delivery,DC0032,Process Creation,333,333,True,True,True,exact_event_observed,3,BOTS | EVTX
T1027.004,Compile After Delivery,DC0039,File Creation,128,128,True,True,True,exact_event_observed,3,BOTS | EVTX
T1027.004,Compile After Delivery,DC0082,Network Connection Creation,98,98,True,True,True,exact_event_observed,3,BOTS | EVTX
T1027.005,Indicator Removal from Tools,DC0020,Process Modification,19,19,True,True,True,exact_event_observed,3,BOTS | EVTX
T1027.005,Indicator Removal from Tools,DC0032,Process Creation,333,333,True,True,True,exact_event_observed,3,BOTS | EVTX
T1027.005,Indicator Removal from Tools,DC0038,Application Log Content,229,229,True,True,True,exact_event_observed,3,BOTS | EVTX
T1027.005,Indicator Removal from Tools,DC0039,File Creation,128,128,True,True,True,exact_event_observed,3,BOTS | EVTX
T1027.005,Indicator Removal from Tools,DC0059,File Metadata,91,91,True,True,True,exact_event_observed,3,BOTS | EVTX
T1027.006,HTML Smuggling,DC0032,Process Creation,333,333,True,True,True,exact_event_observed,3,BOTS | EVTX
T1027.006,HTML Smuggling,DC0039,File Creation,128,128,True,True,True,exact_event_observed,3,BOTS | EVTX
T1027.006,HTML Smuggling,DC0059,File Metadata,91,91,True,True,True,exact_event_observed,3,BOTS | EVTX
T1027.006,HTML Smuggling,DC0085,Network Traffic Content,279,279,True,False,True,source_observed,2,BOTS | EVTX
T1027.007,Dynamic API Resolution,DC0016,Module Load,45,45,True,True,True,exact_event_observed,3,BOTS | EVTX
T1027.007,Dynamic API Resolution,DC0021,OS API Execution,170,170,True,True,True,exact_event_observed,3,BOTS | EVTX
T1027.007,Dynamic API Resolution,DC0032,Process Creation,333,333,True,True,True,exact_event_observed,3,BOTS | EVTX
T1027.008,Stripped Payloads,DC0032,Process Creation,333,333,True,True,True,exact_event_observed,3,BOTS | EVTX
T1027.008,Stripped Payloads,DC0039,File Creation,128,128,True,True,True,exact_event_observed,3,BOTS | EVTX
T1027.008,Stripped Payloads,DC0059,File Metadata,91,91,True,True,True,exact_event_observed,3,BOTS | EVTX
T1027.008,Stripped Payloads,DC0061,File Modification,150,150,True,True,True,exact_event_observed,3,BOTS | EVTX
T1027.008,Stripped Payloads,DC0085,Network Traffic Content,279,279,True,False,True,source_observed,2,BOTS | EVTX
T1027.009,Embedded Payloads,DC0032,Process Creation,333,333,True,True,True,exact_event_observed,3,BOTS | EVTX
T1027.009,Embedded Payloads,DC0039,File Creation,128,128,True,True,True,exact_event_observed,3,BOTS | EVTX
T1027.009,Embedded Payloads,DC0055,File Access,113,113,True,True,True,exact_event_observed,3,BOTS | EVTX
T1027.009,Embedded Payloads,DC0059,File Metadata,91,91,True,True,True,exact_event_observed,3,BOTS | EVTX
T1027.009,Embedded Payloads,DC0061,File Modification,150,150,True,True,True,exact_event_observed,3,BOTS | EVTX
T1027.010,Command Obfuscation,DC0032,Process Creation,333,333,True,True,True,exact_event_observed,3,BOTS | EVTX
T1027.010,Command Obfuscation,DC0064,Command Execution,291,291,True,True,True,exact_event_observed,3,BOTS | EVTX
T1027.011,Fileless Storage,DC0008,WMI Creation,3,3,True,False,True,source_observed,2,BOTS | EVTX
T1027.011,Fileless Storage,DC0039,File Creation,128,128,True,True,True,exact_event_observed,3,BOTS | EVTX
T1027.011,Fileless Storage,DC0059,File Metadata,91,91,True,True,True,exact_event_observed,3,BOTS | EVTX
T1027.011,Fileless Storage,DC0063,Windows Registry Key Modification,9,9,True,True,True,exact_event_observed,3,BOTS | EVTX
T1027.012,LNK Icon Smuggling,DC0032,Process Creation,333,333,True,True,True,exact_event_observed,3,BOTS | EVTX
T1027.012,LNK Icon Smuggling,DC0059,File Metadata,91,91,True,True,True,exact_event_observed,3,BOTS | EVTX
T1027.012,LNK Icon Smuggling,DC0082,Network Connection Creation,98,98,True,True,True,exact_event_observed,3,BOTS | EVTX
T1027.013,Encrypted/Encoded File,DC0016,Module Load,45,45,True,True,True,exact_event_observed,3,BOTS | EVTX
T1027.013,Encrypted/Encoded File,DC0020,Process Modification,19,19,True,True,True,exact_event_observed,3,BOTS | EVTX
T1027.013,Encrypted/Encoded File,DC0032,Process Creation,333,333,True,True,True,exact_event_observed,3,BOTS | EVTX
T1027.013,Encrypted/Encoded File,DC0035,Process Access,35,35,True,True,True,exact_event_observed,3,BOTS | EVTX
T1027.013,Encrypted/Encoded File,DC0064,Command Execution,291,291,True,True,True,exact_event_observed,3,BOTS | EVTX
T1027.013,Encrypted/Encoded File,DC0082,Network Connection Creation,98,98,True,True,True,exact_event_observed,3,BOTS | EVTX
T1027.014,Polymorphic Code,DC0016,Module Load,45,45,True,True,True,exact_event_observed,3,BOTS | EVTX
T1027.014,Polymorphic Code,DC0020,Process Modification,19,19,True,True,True,exact_event_observed,3,BOTS | EVTX
T1027.014,Polymorphic Code,DC0032,Process Creation,333,333,True,True,True,exact_event_observed,3,BOTS | EVTX
T1027.014,Polymorphic Code,DC0034,Process Metadata,45,45,True,False,True,source_observed,2,BOTS | EVTX
T1027.014,Polymorphic Code,DC0035,Process Access,35,35,True,True,True,exact_event_observed,3,BOTS | EVTX
T1027.014,Polymorphic Code,DC0039,File Creation,128,128,True,True,True,exact_event_observed,3,BOTS | EVTX
T1027.014,Polymorphic Code,DC0061,File Modification,150,150,True,True,True,exact_event_observed,3,BOTS | EVTX
T1027.015,Compression,DC0032,Process Creation,333,333,True,True,True,exact_event_observed,3,BOTS | EVTX
T1027.015,Compression,DC0039,File Creation,128,128,True,True,True,exact_event_observed,3,BOTS | EVTX
T1027.015,Compression,DC0055,File Access,113,113,True,True,True,exact_event_observed,3,BOTS | EVTX
T1027.015,Compression,DC0059,File Metadata,91,91,True,True,True,exact_event_observed,3,BOTS | EVTX
T1027.015,Compression,DC0061,File Modification,150,150,True,True,True,exact_event_observed,3,BOTS | EVTX
T1027.016,Junk Code Insertion,DC0020,Process Modification,19,19,True,True,True,exact_event_observed,3,BOTS | EVTX
T1027.016,Junk Code Insertion,DC0032,Process Creation,333,333,True,True,True,exact_event_observed,3,BOTS | EVTX
T1027.016,Junk Code Insertion,DC0035,Process Access,35,35,True,True,True,exact_event_observed,3,BOTS | EVTX
T1027.016,Junk Code Insertion,DC0039,File Creation,128,128,True,True,True,exact_event_observed,3,BOTS | EVTX
T1027.017,SVG Smuggling,DC0032,Process Creation,333,333,True,True,True,exact_event_observed,3,BOTS | EVTX
T1027.017,SVG Smuggling,DC0039,File Creation,128,128,True,True,True,exact_event_observed,3,BOTS | EVTX
T1027.017,SVG Smuggling,DC0061,File Modification,150,150,True,True,True,exact_event_observed,3,BOTS | EVTX
T1027.017,SVG Smuggling,DC0082,Network Connection Creation,98,98,True,True,True,exact_event_observed,3,BOTS | EVTX
T1027.017,SVG Smuggling,DC0085,Network Traffic Content,279,279,True,False,True,source_observed,2,BOTS | EVTX
T1027.018,Invisible Unicode,DC0016,Module Load,45,45,True,True,True,exact_event_observed,3,BOTS | EVTX
T1027.018,Invisible Unicode,DC0029,Script Execution,32,32,True,True,True,exact_event_observed,3,BOTS | EVTX
T1027.018,Invisible Unicode,DC0032,Process Creation,333,333,True,True,True,exact_event_observed,3,BOTS | EVTX
T1027.018,Invisible Unicode,DC0039,File Creation,128,128,True,True,True,exact_event_observed,3,BOTS | EVTX
T1027.018,Invisible Unicode,DC0055,File Access,113,113,True,True,True,exact_event_observed,3,BOTS | EVTX
T1027.018,Invisible Unicode,DC0059,File Metadata,91,91,True,True,True,exact_event_observed,3,BOTS | EVTX
T1027.018,Invisible Unicode,DC0064,Command Execution,291,291,True,True,True,exact_event_observed,3,BOTS | EVTX
T1027.018,Invisible Unicode,DC0082,Network Connection Creation,98,98,True,True,True,exact_event_observed,3,BOTS | EVTX
T1029,Scheduled Transfer,DC0005,Scheduled Job Metadata,8,8,True,False,True,source_observed,2,BOTS | EVTX
T1029,Scheduled Transfer,DC0032,Process Creation,333,333,True,True,True,exact_event_observed,3,BOTS | EVTX
T1029,Scheduled Transfer,DC0078,Network Traffic Flow,159,159,True,False,True,source_observed,2,BOTS | EVTX
T1029,Scheduled Transfer,DC0082,Network Connection Creation,98,98,True,True,True,exact_event_observed,3,BOTS | EVTX
T1030,Data Transfer Size Limits,DC0078,Network Traffic Flow,159,159,True,False,True,source_observed,2,BOTS | EVTX
T1030,Data Transfer Size Limits,DC0082,Network Connection Creation,98,98,True,True,True,exact_event_observed,3,BOTS | EVTX
T1033,System Owner/User Discovery,DC0021,OS API Execution,170,170,True,True,True,exact_event_observed,3,BOTS | EVTX
T1033,System Owner/User Discovery,DC0032,Process Creation,333,333,True,True,True,exact_event_observed,3,BOTS | EVTX
T1033,System Owner/User Discovery,DC0064,Command Execution,291,291,True,True,True,exact_event_observed,3,BOTS | EVTX
T1036,Masquerading,DC0028,Image Metadata,3,3,False,False,False,not_observed,0,
T1036,Masquerading,DC0032,Process Creation,333,333,True,True,True,exact_event_observed,3,BOTS | EVTX
T1036,Masquerading,DC0034,Process Metadata,45,45,True,False,True,source_observed,2,BOTS | EVTX
T1036,Masquerading,DC0041,Service Metadata,22,22,True,True,True,exact_event_observed,3,BOTS | EVTX
T1036,Masquerading,DC0059,File Metadata,91,91,True,True,True,exact_event_observed,3,BOTS | EVTX
T1036,Masquerading,DC0060,Service Creation,15,15,True,True,True,exact_event_observed,3,BOTS | EVTX
T1036,Masquerading,DC0061,File Modification,150,150,True,True,True,exact_event_observed,3,BOTS | EVTX
T1036,Masquerading,DC0064,Command Execution,291,291,True,True,True,exact_event_observed,3,BOTS | EVTX
T1036.001,Invalid Code Signature,DC0032,Process Creation,333,333,True,True,True,exact_event_observed,3,BOTS | EVTX
T1036.001,Invalid Code Signature,DC0059,File Metadata,91,91,True,True,True,exact_event_observed,3,BOTS | EVTX
T1036.001,Invalid Code Signature,DC0061,File Modification,150,150,True,True,True,exact_event_observed,3,BOTS | EVTX
T1036.001,Invalid Code Signature,DC0064,Command Execution,291,291,True,True,True,exact_event_observed,3,BOTS | EVTX
T1036.002,Right-to-Left Override,DC0032,Process Creation,333,333,True,True,True,exact_event_observed,3,BOTS | EVTX
T1036.002,Right-to-Left Override,DC0055,File Access,113,113,True,True,True,exact_event_observed,3,BOTS | EVTX
T1036.002,Right-to-Left Override,DC0059,File Metadata,91,91,True,True,True,exact_event_observed,3,BOTS | EVTX
T1036.002,Right-to-Left Override,DC0064,Command Execution,291,291,True,True,True,exact_event_observed,3,BOTS | EVTX
T1036.003,Rename Legitimate Utilities,DC0032,Process Creation,333,333,True,True,True,exact_event_observed,3,BOTS | EVTX
T1036.003,Rename Legitimate Utilities,DC0034,Process Metadata,45,45,True,False,True,source_observed,2,BOTS | EVTX
T1036.003,Rename Legitimate Utilities,DC0039,File Creation,128,128,True,True,True,exact_event_observed,3,BOTS | EVTX
T1036.003,Rename Legitimate Utilities,DC0059,File Metadata,91,91,True,True,True,exact_event_observed,3,BOTS | EVTX
T1036.003,Rename Legitimate Utilities,DC0061,File Modification,150,150,True,True,True,exact_event_observed,3,BOTS | EVTX
T1036.003,Rename Legitimate Utilities,DC0064,Command Execution,291,291,True,True,True,exact_event_observed,3,BOTS | EVTX
T1036.004,Masquerade Task or Service,DC0001,Scheduled Job Creation,17,17,True,True,True,exact_event_observed,3,BOTS | EVTX
T1036.004,Masquerade Task or Service,DC0005,Scheduled Job Metadata,8,8,True,False,True,source_observed,2,BOTS | EVTX
T1036.004,Masquerade Task or Service,DC0012,Scheduled Job Modification,4,4,True,True,True,exact_event_observed,3,BOTS | EVTX
T1036.004,Masquerade Task or Service,DC0032,Process Creation,333,333,True,True,True,exact_event_observed,3,BOTS | EVTX
T1036.004,Masquerade Task or Service,DC0041,Service Metadata,22,22,True,True,True,exact_event_observed,3,BOTS | EVTX
T1036.004,Masquerade Task or Service,DC0060,Service Creation,15,15,True,True,True,exact_event_observed,3,BOTS | EVTX
T1036.005,Match Legitimate Resource Name or Location,DC0001,Scheduled Job Creation,17,17,True,True,True,exact_event_observed,3,BOTS | EVTX
T1036.005,Match Legitimate Resource Name or Location,DC0016,Module Load,45,45,True,True,True,exact_event_observed,3,BOTS | EVTX
T1036.005,Match Legitimate Resource Name or Location,DC0020,Process Modification,19,19,True,True,True,exact_event_observed,3,BOTS | EVTX
T1036.005,Match Legitimate Resource Name or Location,DC0028,Image Metadata,3,3,False,False,False,not_observed,0,
T1036.005,Match Legitimate Resource Name or Location,DC0032,Process Creation,333,333,True,True,True,exact_event_observed,3,BOTS | EVTX
T1036.005,Match Legitimate Resource Name or Location,DC0034,Process Metadata,45,45,True,False,True,source_observed,2,BOTS | EVTX
T1036.005,Match Legitimate Resource Name or Location,DC0039,File Creation,128,128,True,True,True,exact_event_observed,3,BOTS | EVTX
T1036.005,Match Legitimate Resource Name or Location,DC0041,Service Metadata,22,22,True,True,True,exact_event_observed,3,BOTS | EVTX
T1036.005,Match Legitimate Resource Name or Location,DC0055,File Access,113,113,True,True,True,exact_event_observed,3,BOTS | EVTX
T1036.005,Match Legitimate Resource Name or Location,DC0059,File Metadata,91,91,True,True,True,exact_event_observed,3,BOTS | EVTX
T1036.006,Space after Filename,DC0032,Process Creation,333,333,True,True,True,exact_event_observed,3,BOTS | EVTX
T1036.006,Space after Filename,DC0055,File Access,113,113,True,True,True,exact_event_observed,3,BOTS | EVTX
T1036.006,Space after Filename,DC0059,File Metadata,91,91,True,True,True,exact_event_observed,3,BOTS | EVTX
T1036.007,Double File Extension,DC0032,Process Creation,333,333,True,True,True,exact_event_observed,3,BOTS | EVTX
T1036.007,Double File Extension,DC0039,File Creation,128,128,True,True,True,exact_event_observed,3,BOTS | EVTX
T1036.008,Masquerade File Type,DC0032,Process Creation,333,333,True,True,True,exact_event_observed,3,BOTS | EVTX
T1036.008,Masquerade File Type,DC0039,File Creation,128,128,True,True,True,exact_event_observed,3,BOTS | EVTX
T1036.008,Masquerade File Type,DC0059,File Metadata,91,91,True,True,True,exact_event_observed,3,BOTS | EVTX
T1036.009,Break Process Trees,DC0021,OS API Execution,170,170,True,True,True,exact_event_observed,3,BOTS | EVTX
T1036.009,Break Process Trees,DC0032,Process Creation,333,333,True,True,True,exact_event_observed,3,BOTS | EVTX
T1036.010,Masquerade Account Name,DC0010,User Account Modification,41,41,True,True,True,exact_event_observed,3,BOTS | EVTX
T1036.010,Masquerade Account Name,DC0013,User Account Metadata,29,29,True,True,True,exact_event_observed,3,BOTS | EVTX
T1036.010,Masquerade Account Name,DC0014,User Account Creation,11,11,True,True,True,exact_event_observed,3,BOTS | EVTX
T1036.011,Overwrite Process Arguments,DC0020,Process Modification,19,19,True,True,True,exact_event_observed,3,BOTS | EVTX
T1036.011,Overwrite Process Arguments,DC0034,Process Metadata,45,45,True,False,True,source_observed,2,BOTS | EVTX
T1036.012,Browser Fingerprint,DC0021,OS API Execution,170,170,True,True,True,exact_event_observed,3,BOTS | EVTX
T1036.012,Browser Fingerprint,DC0032,Process Creation,333,333,True,True,True,exact_event_observed,3,BOTS | EVTX
T1036.012,Browser Fingerprint,DC0082,Network Connection Creation,98,98,True,True,True,exact_event_observed,3,BOTS | EVTX
T1036.012,Browser Fingerprint,DC0085,Network Traffic Content,279,279,True,False,True,source_observed,2,BOTS | EVTX
T1037,Boot or Logon Initialization Scripts,DC0001,Scheduled Job Creation,17,17,True,True,True,exact_event_observed,3,BOTS | EVTX
T1037,Boot or Logon Initialization Scripts,DC0029,Script Execution,32,32,True,True,True,exact_event_observed,3,BOTS | EVTX
T1037,Boot or Logon Initialization Scripts,DC0032,Process Creation,333,333,True,True,True,exact_event_observed,3,BOTS | EVTX
T1037,Boot or Logon Initialization Scripts,DC0041,Service Metadata,22,22,True,True,True,exact_event_observed,3,BOTS | EVTX
T1037,Boot or Logon Initialization Scripts,DC0055,File Access,113,113,True,True,True,exact_event_observed,3,BOTS | EVTX
T1037,Boot or Logon Initialization Scripts,DC0059,File Metadata,91,91,True,True,True,exact_event_observed,3,BOTS | EVTX
T1037,Boot or Logon Initialization Scripts,DC0061,File Modification,150,150,True,True,True,exact_event_observed,3,BOTS | EVTX
T1037,Boot or Logon Initialization Scripts,DC0063,Windows Registry Key Modification,9,9,True,True,True,exact_event_observed,3,BOTS | EVTX
T1037.001,Logon Script (Windows),DC0029,Script Execution,32,32,True,True,True,exact_event_observed,3,BOTS | EVTX
T1037.001,Logon Script (Windows),DC0032,Process Creation,333,333,True,True,True,exact_event_observed,3,BOTS | EVTX
T1037.001,Logon Script (Windows),DC0055,File Access,113,113,True,True,True,exact_event_observed,3,BOTS | EVTX
T1037.001,Logon Script (Windows),DC0067,Logon Session Creation,67,67,True,True,True,exact_event_observed,3,BOTS | EVTX
T1037.002,Login Hook,DC0032,Process Creation,333,333,True,True,True,exact_event_observed,3,BOTS | EVTX
T1037.002,Login Hook,DC0061,File Modification,150,150,True,True,True,exact_event_observed,3,BOTS | EVTX
T1037.003,Network Logon Script,DC0029,Script Execution,32,32,True,True,True,exact_event_observed,3,BOTS | EVTX
T1037.003,Network Logon Script,DC0032,Process Creation,333,333,True,True,True,exact_event_observed,3,BOTS | EVTX
T1037.003,Network Logon Script,DC0102,Network Share Access,7,7,True,True,True,exact_event_observed,3,BOTS | EVTX
T1037.004,RC Scripts,DC0029,Script Execution,32,32,True,True,True,exact_event_observed,3,BOTS | EVTX
T1037.004,RC Scripts,DC0032,Process Creation,333,333,True,True,True,exact_event_observed,3,BOTS | EVTX
T1037.004,RC Scripts,DC0039,File Creation,128,128,True,True,True,exact_event_observed,3,BOTS | EVTX
T1037.004,RC Scripts,DC0061,File Modification,150,150,True,True,True,exact_event_observed,3,BOTS | EVTX
T1037.004,RC Scripts,DC0064,Command Execution,291,291,True,True,True,exact_event_observed,3,BOTS | EVTX
T1037.005,Startup Items,DC0032,Process Creation,333,333,True,True,True,exact_event_observed,3,BOTS | EVTX
T1037.005,Startup Items,DC0039,File Creation,128,128,True,True,True,exact_event_observed,3,BOTS | EVTX
T1039,Data from Network Shared Drive,DC0039,File Creation,128,128,True,True,True,exact_event_observed,3,BOTS | EVTX
T1039,Data from Network Shared Drive,DC0054,Drive Access,8,8,True,True,True,exact_event_observed,3,BOTS | EVTX
T1039,Data from Network Shared Drive,DC0055,File Access,113,113,True,True,True,exact_event_observed,3,BOTS | EVTX
T1039,Data from Network Shared Drive,DC0102,Network Share Access,7,7,True,True,True,exact_event_observed,3,BOTS | EVTX
T1040,Network Sniffing,DC0002,User Account Authentication,109,109,True,True,True,exact_event_observed,3,BOTS | EVTX
T1040,Network Sniffing,DC0032,Process Creation,333,333,True,True,True,exact_event_observed,3,BOTS | EVTX
T1040,Network Sniffing,DC0060,Service Creation,15,15,True,True,True,exact_event_observed,3,BOTS | EVTX
T1040,Network Sniffing,DC0064,Command Execution,291,291,True,True,True,exact_event_observed,3,BOTS | EVTX
T1040,Network Sniffing,DC0069,Cloud Service Modification,31,31,False,False,True,source_observed,2,BOTS
T1040,Network Sniffing,DC0085,Network Traffic Content,279,279,True,False,True,source_observed,2,BOTS | EVTX
T1041,Exfiltration Over C2 Channel,DC0032,Process Creation,333,333,True,True,True,exact_event_observed,3,BOTS | EVTX
T1041,Exfiltration Over C2 Channel,DC0055,File Access,113,113,True,True,True,exact_event_observed,3,BOTS | EVTX
T1041,Exfiltration Over C2 Channel,DC0078,Network Traffic Flow,159,159,True,False,True,source_observed,2,BOTS | EVTX
T1041,Exfiltration Over C2 Channel,DC0082,Network Connection Creation,98,98,True,True,True,exact_event_observed,3,BOTS | EVTX
T1041,Exfiltration Over C2 Channel,DC0085,Network Traffic Content,279,279,True,False,True,source_observed,2,BOTS | EVTX
T1046,Network Service Discovery,DC0032,Process Creation,333,333,True,True,True,exact_event_observed,3,BOTS | EVTX
T1046,Network Service Discovery,DC0078,Network Traffic Flow,159,159,True,False,True,source_observed,2,BOTS | EVTX
T1046,Network Service Discovery,DC0082,Network Connection Creation,98,98,True,True,True,exact_event_observed,3,BOTS | EVTX
T1046,Network Service Discovery,DC0085,Network Traffic Content,279,279,True,False,True,source_observed,2,BOTS | EVTX
T1047,Windows Management Instrumentation,DC0008,WMI Creation,3,3,True,False,True,source_observed,2,BOTS | EVTX
T1047,Windows Management Instrumentation,DC0032,Process Creation,333,333,True,True,True,exact_event_observed,3,BOTS | EVTX
T1047,Windows Management Instrumentation,DC0082,Network Connection Creation,98,98,True,True,True,exact_event_observed,3,BOTS | EVTX
T1048,Exfiltration Over Alternative Protocol,DC0025,Cloud Storage Access,8,8,False,False,True,source_observed,2,BOTS
T1048,Exfiltration Over Alternative Protocol,DC0032,Process Creation,333,333,True,True,True,exact_event_observed,3,BOTS | EVTX
T1048,Exfiltration Over Alternative Protocol,DC0039,File Creation,128,128,True,True,True,exact_event_observed,3,BOTS | EVTX
T1048,Exfiltration Over Alternative Protocol,DC0055,File Access,113,113,True,True,True,exact_event_observed,3,BOTS | EVTX
T1048,Exfiltration Over Alternative Protocol,DC0061,File Modification,150,150,True,True,True,exact_event_observed,3,BOTS | EVTX
T1048,Exfiltration Over Alternative Protocol,DC0064,Command Execution,291,291,True,True,True,exact_event_observed,3,BOTS | EVTX
T1048,Exfiltration Over Alternative Protocol,DC0078,Network Traffic Flow,159,159,True,False,True,source_observed,2,BOTS | EVTX
T1048,Exfiltration Over Alternative Protocol,DC0082,Network Connection Creation,98,98,True,True,True,exact_event_observed,3,BOTS | EVTX
T1048,Exfiltration Over Alternative Protocol,DC0085,Network Traffic Content,279,279,True,False,True,source_observed,2,BOTS | EVTX
T1048.001,Exfiltration Over Symmetric Encrypted Non-C2 Protocol,DC0032,Process Creation,333,333,True,True,True,exact_event_observed,3,BOTS | EVTX
T1048.001,Exfiltration Over Symmetric Encrypted Non-C2 Protocol,DC0064,Command Execution,291,291,True,True,True,exact_event_observed,3,BOTS | EVTX
T1048.001,Exfiltration Over Symmetric Encrypted Non-C2 Protocol,DC0078,Network Traffic Flow,159,159,True,False,True,source_observed,2,BOTS | EVTX
T1048.001,Exfiltration Over Symmetric Encrypted Non-C2 Protocol,DC0082,Network Connection Creation,98,98,True,True,True,exact_event_observed,3,BOTS | EVTX
T1048.001,Exfiltration Over Symmetric Encrypted Non-C2 Protocol,DC0085,Network Traffic Content,279,279,True,False,True,source_observed,2,BOTS | EVTX
T1048.002,Exfiltration Over Asymmetric Encrypted Non-C2 Protocol,DC0032,Process Creation,333,333,True,True,True,exact_event_observed,3,BOTS | EVTX
T1048.002,Exfiltration Over Asymmetric Encrypted Non-C2 Protocol,DC0055,File Access,113,113,True,True,True,exact_event_observed,3,BOTS | EVTX
T1048.002,Exfiltration Over Asymmetric Encrypted Non-C2 Protocol,DC0064,Command Execution,291,291,True,True,True,exact_event_observed,3,BOTS | EVTX
T1048.002,Exfiltration Over Asymmetric Encrypted Non-C2 Protocol,DC0078,Network Traffic Flow,159,159,True,False,True,source_observed,2,BOTS | EVTX
T1048.002,Exfiltration Over Asymmetric Encrypted Non-C2 Protocol,DC0082,Network Connection Creation,98,98,True,True,True,exact_event_observed,3,BOTS | EVTX
T1048.002,Exfiltration Over Asymmetric Encrypted Non-C2 Protocol,DC0085,Network Traffic Content,279,279,True,False,True,source_observed,2,BOTS | EVTX
T1048.003,Exfiltration Over Unencrypted Non-C2 Protocol,DC0032,Process Creation,333,333,True,True,True,exact_event_observed,3,BOTS | EVTX
T1048.003,Exfiltration Over Unencrypted Non-C2 Protocol,DC0055,File Access,113,113,True,True,True,exact_event_observed,3,BOTS | EVTX
T1048.003,Exfiltration Over Unencrypted Non-C2 Protocol,DC0064,Command Execution,291,291,True,True,True,exact_event_observed,3,BOTS | EVTX
T1048.003,Exfiltration Over Unencrypted Non-C2 Protocol,DC0078,Network Traffic Flow,159,159,True,False,True,source_observed,2,BOTS | EVTX
T1048.003,Exfiltration Over Unencrypted Non-C2 Protocol,DC0082,Network Connection Creation,98,98,True,True,True,exact_event_observed,3,BOTS | EVTX
T1048.003,Exfiltration Over Unencrypted Non-C2 Protocol,DC0085,Network Traffic Content,279,279,True,False,True,source_observed,2,BOTS | EVTX
T1049,System Network Connections Discovery,DC0021,OS API Execution,170,170,True,True,True,exact_event_observed,3,BOTS | EVTX
T1049,System Network Connections Discovery,DC0032,Process Creation,333,333,True,True,True,exact_event_observed,3,BOTS | EVTX
T1049,System Network Connections Discovery,DC0064,Command Execution,291,291,True,True,True,exact_event_observed,3,BOTS | EVTX
T1049,System Network Connections Discovery,DC0085,Network Traffic Content,279,279,True,False,True,source_observed,2,BOTS | EVTX
T1052,Exfiltration Over Physical Medium,DC0032,Process Creation,333,333,True,True,True,exact_event_observed,3,BOTS | EVTX
T1052,Exfiltration Over Physical Medium,DC0039,File Creation,128,128,True,True,True,exact_event_observed,3,BOTS | EVTX
T1052,Exfiltration Over Physical Medium,DC0042,Drive Creation,22,22,True,False,True,source_observed,2,BOTS | EVTX
T1052,Exfiltration Over Physical Medium,DC0055,File Access,113,113,True,True,True,exact_event_observed,3,BOTS | EVTX
T1052,Exfiltration Over Physical Medium,DC0064,Command Execution,291,291,True,True,True,exact_event_observed,3,BOTS | EVTX
T1052.001,Exfiltration over USB,DC0032,Process Creation,333,333,True,True,True,exact_event_observed,3,BOTS | EVTX
T1052.001,Exfiltration over USB,DC0039,File Creation,128,128,True,True,True,exact_event_observed,3,BOTS | EVTX
T1052.001,Exfiltration over USB,DC0042,Drive Creation,22,22,True,False,True,source_observed,2,BOTS | EVTX
T1052.001,Exfiltration over USB,DC0055,File Access,113,113,True,True,True,exact_event_observed,3,BOTS | EVTX
T1053,Scheduled Task/Job,DC0001,Scheduled Job Creation,17,17,True,True,True,exact_event_observed,3,BOTS | EVTX
T1053,Scheduled Task/Job,DC0032,Process Creation,333,333,True,True,True,exact_event_observed,3,BOTS | EVTX
T1053,Scheduled Task/Job,DC0039,File Creation,128,128,True,True,True,exact_event_observed,3,BOTS | EVTX
T1053,Scheduled Task/Job,DC0061,File Modification,150,150,True,True,True,exact_event_observed,3,BOTS | EVTX
T1053,Scheduled Task/Job,DC0064,Command Execution,291,291,True,True,True,exact_event_observed,3,BOTS | EVTX
T1053.002,At,DC0001,Scheduled Job Creation,17,17,True,True,True,exact_event_observed,3,BOTS | EVTX
T1053.002,At,DC0032,Process Creation,333,333,True,True,True,exact_event_observed,3,BOTS | EVTX
T1053.002,At,DC0061,File Modification,150,150,True,True,True,exact_event_observed,3,BOTS | EVTX
T1053.002,At,DC0064,Command Execution,291,291,True,True,True,exact_event_observed,3,BOTS | EVTX
T1053.003,Cron,DC0001,Scheduled Job Creation,17,17,True,True,True,exact_event_observed,3,BOTS | EVTX
T1053.003,Cron,DC0032,Process Creation,333,333,True,True,True,exact_event_observed,3,BOTS | EVTX
T1053.003,Cron,DC0061,File Modification,150,150,True,True,True,exact_event_observed,3,BOTS | EVTX
T1053.005,Scheduled Task,DC0001,Scheduled Job Creation,17,17,True,True,True,exact_event_observed,3,BOTS | EVTX
T1053.005,Scheduled Task,DC0012,Scheduled Job Modification,4,4,True,True,True,exact_event_observed,3,BOTS | EVTX
T1053.005,Scheduled Task,DC0032,Process Creation,333,333,True,True,True,exact_event_observed,3,BOTS | EVTX
T1053.005,Scheduled Task,DC0039,File Creation,128,128,True,True,True,exact_event_observed,3,BOTS | EVTX
T1053.005,Scheduled Task,DC0063,Windows Registry Key Modification,9,9,True,True,True,exact_event_observed,3,BOTS | EVTX
T1053.006,Systemd Timers,DC0001,Scheduled Job Creation,17,17,True,True,True,exact_event_observed,3,BOTS | EVTX
T1053.006,Systemd Timers,DC0032,Process Creation,333,333,True,True,True,exact_event_observed,3,BOTS | EVTX
T1053.006,Systemd Timers,DC0039,File Creation,128,128,True,True,True,exact_event_observed,3,BOTS | EVTX
T1053.007,Container Orchestration Job,DC0001,Scheduled Job Creation,17,17,True,True,True,exact_event_observed,3,BOTS | EVTX
T1053.007,Container Orchestration Job,DC0072,Container Creation,8,8,False,False,False,not_observed,0,
T1053.007,Container Orchestration Job,DC0085,Network Traffic Content,279,279,True,False,True,source_observed,2,BOTS | EVTX
T1055,Process Injection,DC0016,Module Load,45,45,True,True,True,exact_event_observed,3,BOTS | EVTX
T1055,Process Injection,DC0020,Process Modification,19,19,True,True,True,exact_event_observed,3,BOTS | EVTX
T1055,Process Injection,DC0021,OS API Execution,170,170,True,True,True,exact_event_observed,3,BOTS | EVTX
T1055,Process Injection,DC0032,Process Creation,333,333,True,True,True,exact_event_observed,3,BOTS | EVTX
T1055,Process Injection,DC0034,Process Metadata,45,45,True,False,True,source_observed,2,BOTS | EVTX
T1055,Process Injection,DC0035,Process Access,35,35,True,True,True,exact_event_observed,3,BOTS | EVTX
T1055,Process Injection,DC0055,File Access,113,113,True,True,True,exact_event_observed,3,BOTS | EVTX
T1055.001,Dynamic-link Library Injection,DC0016,Module Load,45,45,True,True,True,exact_event_observed,3,BOTS | EVTX
T1055.001,Dynamic-link Library Injection,DC0032,Process Creation,333,333,True,True,True,exact_event_observed,3,BOTS | EVTX
T1055.001,Dynamic-link Library Injection,DC0035,Process Access,35,35,True,True,True,exact_event_observed,3,BOTS | EVTX
T1055.001,Dynamic-link Library Injection,DC0048,Named Pipe Metadata,2,2,True,True,True,exact_event_observed,3,BOTS | EVTX
T1055.002,Portable Executable Injection,DC0020,Process Modification,19,19,True,True,True,exact_event_observed,3,BOTS | EVTX
T1055.002,Portable Executable Injection,DC0032,Process Creation,333,333,True,True,True,exact_event_observed,3,BOTS | EVTX
T1055.002,Portable Executable Injection,DC0035,Process Access,35,35,True,True,True,exact_event_observed,3,BOTS | EVTX
T1055.002,Portable Executable Injection,DC0039,File Creation,128,128,True,True,True,exact_event_observed,3,BOTS | EVTX
T1055.003,Thread Execution Hijacking,DC0020,Process Modification,19,19,True,True,True,exact_event_observed,3,BOTS | EVTX
T1055.003,Thread Execution Hijacking,DC0021,OS API Execution,170,170,True,True,True,exact_event_observed,3,BOTS | EVTX
T1055.003,Thread Execution Hijacking,DC0032,Process Creation,333,333,True,True,True,exact_event_observed,3,BOTS | EVTX
T1055.003,Thread Execution Hijacking,DC0035,Process Access,35,35,True,True,True,exact_event_observed,3,BOTS | EVTX
T1055.004,Asynchronous Procedure Call,DC0020,Process Modification,19,19,True,True,True,exact_event_observed,3,BOTS | EVTX
T1055.004,Asynchronous Procedure Call,DC0021,OS API Execution,170,170,True,True,True,exact_event_observed,3,BOTS | EVTX
T1055.004,Asynchronous Procedure Call,DC0032,Process Creation,333,333,True,True,True,exact_event_observed,3,BOTS | EVTX
T1055.004,Asynchronous Procedure Call,DC0035,Process Access,35,35,True,True,True,exact_event_observed,3,BOTS | EVTX
T1055.005,Thread Local Storage,DC0016,Module Load,45,45,True,True,True,exact_event_observed,3,BOTS | EVTX
T1055.005,Thread Local Storage,DC0020,Process Modification,19,19,True,True,True,exact_event_observed,3,BOTS | EVTX
T1055.005,Thread Local Storage,DC0021,OS API Execution,170,170,True,True,True,exact_event_observed,3,BOTS | EVTX
T1055.005,Thread Local Storage,DC0035,Process Access,35,35,True,True,True,exact_event_observed,3,BOTS | EVTX
T1055.008,Ptrace System Calls,DC0021,OS API Execution,170,170,True,True,True,exact_event_observed,3,BOTS | EVTX
T1055.008,Ptrace System Calls,DC0032,Process Creation,333,333,True,True,True,exact_event_observed,3,BOTS | EVTX
T1055.008,Ptrace System Calls,DC0034,Process Metadata,45,45,True,False,True,source_observed,2,BOTS | EVTX
T1055.009,Proc Memory,DC0021,OS API Execution,170,170,True,True,True,exact_event_observed,3,BOTS | EVTX
T1055.009,Proc Memory,DC0055,File Access,113,113,True,True,True,exact_event_observed,3,BOTS | EVTX
T1055.009,Proc Memory,DC0061,File Modification,150,150,True,True,True,exact_event_observed,3,BOTS | EVTX
T1055.011,Extra Window Memory Injection,DC0021,OS API Execution,170,170,True,True,True,exact_event_observed,3,BOTS | EVTX
T1055.011,Extra Window Memory Injection,DC0032,Process Creation,333,333,True,True,True,exact_event_observed,3,BOTS | EVTX
T1055.011,Extra Window Memory Injection,DC0035,Process Access,35,35,True,True,True,exact_event_observed,3,BOTS | EVTX
T1055.012,Process Hollowing,DC0020,Process Modification,19,19,True,True,True,exact_event_observed,3,BOTS | EVTX
T1055.012,Process Hollowing,DC0021,OS API Execution,170,170,True,True,True,exact_event_observed,3,BOTS | EVTX
T1055.012,Process Hollowing,DC0032,Process Creation,333,333,True,True,True,exact_event_observed,3,BOTS | EVTX
T1055.012,Process Hollowing,DC0035,Process Access,35,35,True,True,True,exact_event_observed,3,BOTS | EVTX
T1055.013,Process Doppelgänging,DC0021,OS API Execution,170,170,True,True,True,exact_event_observed,3,BOTS | EVTX
T1055.013,Process Doppelgänging,DC0032,Process Creation,333,333,True,True,True,exact_event_observed,3,BOTS | EVTX
T1055.013,Process Doppelgänging,DC0035,Process Access,35,35,True,True,True,exact_event_observed,3,BOTS | EVTX
T1055.013,Process Doppelgänging,DC0039,File Creation,128,128,True,True,True,exact_event_observed,3,BOTS | EVTX
T1055.014,VDSO Hijacking,DC0016,Module Load,45,45,True,True,True,exact_event_observed,3,BOTS | EVTX
T1055.014,VDSO Hijacking,DC0020,Process Modification,19,19,True,True,True,exact_event_observed,3,BOTS | EVTX
T1055.014,VDSO Hijacking,DC0021,OS API Execution,170,170,True,True,True,exact_event_observed,3,BOTS | EVTX
T1055.014,VDSO Hijacking,DC0032,Process Creation,333,333,True,True,True,exact_event_observed,3,BOTS | EVTX
T1055.015,ListPlanting,DC0020,Process Modification,19,19,True,True,True,exact_event_observed,3,BOTS | EVTX
T1055.015,ListPlanting,DC0021,OS API Execution,170,170,True,True,True,exact_event_observed,3,BOTS | EVTX
T1055.015,ListPlanting,DC0032,Process Creation,333,333,True,True,True,exact_event_observed,3,BOTS | EVTX
T1055.015,ListPlanting,DC0035,Process Access,35,35,True,True,True,exact_event_observed,3,BOTS | EVTX
T1056,Input Capture,DC0021,OS API Execution,170,170,True,True,True,exact_event_observed,3,BOTS | EVTX
T1056,Input Capture,DC0032,Process Creation,333,333,True,True,True,exact_event_observed,3,BOTS | EVTX
T1056,Input Capture,DC0034,Process Metadata,45,45,True,False,True,source_observed,2,BOTS | EVTX
T1056,Input Capture,DC0035,Process Access,35,35,True,True,True,exact_event_observed,3,BOTS | EVTX
T1056,Input Capture,DC0055,File Access,113,113,True,True,True,exact_event_observed,3,BOTS | EVTX
T1056,Input Capture,DC0061,File Modification,150,150,True,True,True,exact_event_observed,3,BOTS | EVTX
T1056,Input Capture,DC0082,Network Connection Creation,98,98,True,True,True,exact_event_observed,3,BOTS | EVTX
T1056,Input Capture,DC0085,Network Traffic Content,279,279,True,False,True,source_observed,2,BOTS | EVTX
T1056.001,Keylogging,DC0004,Firmware Modification,19,19,False,False,True,source_observed,2,BOTS | EVTX
T1056.001,Keylogging,DC0021,OS API Execution,170,170,True,True,True,exact_event_observed,3,BOTS | EVTX
T1056.001,Keylogging,DC0032,Process Creation,333,333,True,True,True,exact_event_observed,3,BOTS | EVTX
T1056.001,Keylogging,DC0034,Process Metadata,45,45,True,False,True,source_observed,2,BOTS | EVTX
T1056.001,Keylogging,DC0035,Process Access,35,35,True,True,True,exact_event_observed,3,BOTS | EVTX
T1056.001,Keylogging,DC0055,File Access,113,113,True,True,True,exact_event_observed,3,BOTS | EVTX
T1056.001,Keylogging,DC0060,Service Creation,15,15,True,True,True,exact_event_observed,3,BOTS | EVTX
T1056.001,Keylogging,DC0063,Windows Registry Key Modification,9,9,True,True,True,exact_event_observed,3,BOTS | EVTX
T1056.001,Keylogging,DC0085,Network Traffic Content,279,279,True,False,True,source_observed,2,BOTS | EVTX
T1056.002,GUI Input Capture,DC0029,Script Execution,32,32,True,True,True,exact_event_observed,3,BOTS | EVTX
T1056.002,GUI Input Capture,DC0032,Process Creation,333,333,True,True,True,exact_event_observed,3,BOTS | EVTX
T1056.002,GUI Input Capture,DC0064,Command Execution,291,291,True,True,True,exact_event_observed,3,BOTS | EVTX
T1056.003,Web Portal Capture,DC0039,File Creation,128,128,True,True,True,exact_event_observed,3,BOTS | EVTX
T1056.003,Web Portal Capture,DC0061,File Modification,150,150,True,True,True,exact_event_observed,3,BOTS | EVTX
T1056.003,Web Portal Capture,DC0085,Network Traffic Content,279,279,True,False,True,source_observed,2,BOTS | EVTX
T1056.004,Credential API Hooking,DC0016,Module Load,45,45,True,True,True,exact_event_observed,3,BOTS | EVTX
T1056.004,Credential API Hooking,DC0020,Process Modification,19,19,True,True,True,exact_event_observed,3,BOTS | EVTX
T1056.004,Credential API Hooking,DC0032,Process Creation,333,333,True,True,True,exact_event_observed,3,BOTS | EVTX
T1056.004,Credential API Hooking,DC0035,Process Access,35,35,True,True,True,exact_event_observed,3,BOTS | EVTX
T1056.004,Credential API Hooking,DC0055,File Access,113,113,True,True,True,exact_event_observed,3,BOTS | EVTX
T1057,Process Discovery,DC0032,Process Creation,333,333,True,True,True,exact_event_observed,3,BOTS | EVTX
T1057,Process Discovery,DC0034,Process Metadata,45,45,True,False,True,source_observed,2,BOTS | EVTX
T1057,Process Discovery,DC0035,Process Access,35,35,True,True,True,exact_event_observed,3,BOTS | EVTX
T1057,Process Discovery,DC0055,File Access,113,113,True,True,True,exact_event_observed,3,BOTS | EVTX
T1057,Process Discovery,DC0064,Command Execution,291,291,True,True,True,exact_event_observed,3,BOTS | EVTX
T1059,Command and Scripting Interpreter,DC0002,User Account Authentication,109,109,True,True,True,exact_event_observed,3,BOTS | EVTX
T1059,Command and Scripting Interpreter,DC0032,Process Creation,333,333,True,True,True,exact_event_observed,3,BOTS | EVTX
T1059,Command and Scripting Interpreter,DC0064,Command Execution,291,291,True,True,True,exact_event_observed,3,BOTS | EVTX
T1059.001,PowerShell,DC0016,Module Load,45,45,True,True,True,exact_event_observed,3,BOTS | EVTX
T1059.001,PowerShell,DC0032,Process Creation,333,333,True,True,True,exact_event_observed,3,BOTS | EVTX
T1059.001,PowerShell,DC0034,Process Metadata,45,45,True,False,True,source_observed,2,BOTS | EVTX
T1059.001,PowerShell,DC0064,Command Execution,291,291,True,True,True,exact_event_observed,3,BOTS | EVTX
T1059.002,AppleScript,DC0032,Process Creation,333,333,True,True,True,exact_event_observed,3,BOTS | EVTX
T1059.003,Windows Command Shell,DC0016,Module Load,45,45,True,True,True,exact_event_observed,3,BOTS | EVTX
T1059.003,Windows Command Shell,DC0029,Script Execution,32,32,True,True,True,exact_event_observed,3,BOTS | EVTX
T1059.003,Windows Command Shell,DC0032,Process Creation,333,333,True,True,True,exact_event_observed,3,BOTS | EVTX
T1059.004,Unix Shell,DC0029,Script Execution,32,32,True,True,True,exact_event_observed,3,BOTS | EVTX
T1059.004,Unix Shell,DC0032,Process Creation,333,333,True,True,True,exact_event_observed,3,BOTS | EVTX
T1059.004,Unix Shell,DC0064,Command Execution,291,291,True,True,True,exact_event_observed,3,BOTS | EVTX
T1059.004,Unix Shell,DC0067,Logon Session Creation,67,67,True,True,True,exact_event_observed,3,BOTS | EVTX
T1059.004,Unix Shell,DC0078,Network Traffic Flow,159,159,True,False,True,source_observed,2,BOTS | EVTX
T1059.004,Unix Shell,DC0082,Network Connection Creation,98,98,True,True,True,exact_event_observed,3,BOTS | EVTX
T1059.005,Visual Basic,DC0016,Module Load,45,45,True,True,True,exact_event_observed,3,BOTS | EVTX
T1059.005,Visual Basic,DC0029,Script Execution,32,32,True,True,True,exact_event_observed,3,BOTS | EVTX
T1059.005,Visual Basic,DC0032,Process Creation,333,333,True,True,True,exact_event_observed,3,BOTS | EVTX
T1059.005,Visual Basic,DC0064,Command Execution,291,291,True,True,True,exact_event_observed,3,BOTS | EVTX
T1059.006,Python,DC0029,Script Execution,32,32,True,True,True,exact_event_observed,3,BOTS | EVTX
T1059.006,Python,DC0032,Process Creation,333,333,True,True,True,exact_event_observed,3,BOTS | EVTX
T1059.006,Python,DC0064,Command Execution,291,291,True,True,True,exact_event_observed,3,BOTS | EVTX
T1059.006,Python,DC0085,Network Traffic Content,279,279,True,False,True,source_observed,2,BOTS | EVTX
T1059.007,JavaScript,DC0016,Module Load,45,45,True,True,True,exact_event_observed,3,BOTS | EVTX
T1059.007,JavaScript,DC0029,Script Execution,32,32,True,True,True,exact_event_observed,3,BOTS | EVTX
T1059.007,JavaScript,DC0032,Process Creation,333,333,True,True,True,exact_event_observed,3,BOTS | EVTX
T1059.007,JavaScript,DC0064,Command Execution,291,291,True,True,True,exact_event_observed,3,BOTS | EVTX
T1059.008,Network Device CLI,DC0002,User Account Authentication,109,109,True,True,True,exact_event_observed,3,BOTS | EVTX
T1059.008,Network Device CLI,DC0064,Command Execution,291,291,True,True,True,exact_event_observed,3,BOTS | EVTX
T1059.008,Network Device CLI,DC0085,Network Traffic Content,279,279,True,False,True,source_observed,2,BOTS | EVTX
T1059.009,Cloud API,DC0002,User Account Authentication,109,109,True,True,True,exact_event_observed,3,BOTS | EVTX
T1059.009,Cloud API,DC0064,Command Execution,291,291,True,True,True,exact_event_observed,3,BOTS | EVTX
T1059.009,Cloud API,DC0069,Cloud Service Modification,31,31,False,False,True,source_observed,2,BOTS
T1059.010,AutoHotKey & AutoIT,DC0032,Process Creation,333,333,True,True,True,exact_event_observed,3,BOTS | EVTX
T1059.010,AutoHotKey & AutoIT,DC0035,Process Access,35,35,True,True,True,exact_event_observed,3,BOTS | EVTX
T1059.010,AutoHotKey & AutoIT,DC0039,File Creation,128,128,True,True,True,exact_event_observed,3,BOTS | EVTX
T1059.011,Lua,DC0029,Script Execution,32,32,True,True,True,exact_event_observed,3,BOTS | EVTX
T1059.011,Lua,DC0032,Process Creation,333,333,True,True,True,exact_event_observed,3,BOTS | EVTX
T1059.011,Lua,DC0039,File Creation,128,128,True,True,True,exact_event_observed,3,BOTS | EVTX
T1059.011,Lua,DC0059,File Metadata,91,91,True,True,True,exact_event_observed,3,BOTS | EVTX
T1059.011,Lua,DC0064,Command Execution,291,291,True,True,True,exact_event_observed,3,BOTS | EVTX
T1059.012,Hypervisor CLI,DC0002,User Account Authentication,109,109,True,True,True,exact_event_observed,3,BOTS | EVTX
T1059.012,Hypervisor CLI,DC0064,Command Execution,291,291,True,True,True,exact_event_observed,3,BOTS | EVTX
T1059.013,Container CLI/API,DC0019,Pod Creation,2,2,False,False,True,source_observed,2,BOTS
T1059.013,Container CLI/API,DC0032,Process Creation,333,333,True,True,True,exact_event_observed,3,BOTS | EVTX
T1059.013,Container CLI/API,DC0064,Command Execution,291,291,True,True,True,exact_event_observed,3,BOTS | EVTX
T1059.013,Container CLI/API,DC0072,Container Creation,8,8,False,False,False,not_observed,0,
T1059.013,Container CLI/API,DC0077,Container Start,4,4,False,False,False,not_observed,0,
T1068,Exploitation for Privilege Escalation,DC0016,Module Load,45,45,True,True,True,exact_event_observed,3,BOTS | EVTX
T1068,Exploitation for Privilege Escalation,DC0032,Process Creation,333,333,True,True,True,exact_event_observed,3,BOTS | EVTX
T1068,Exploitation for Privilege Escalation,DC0035,Process Access,35,35,True,True,True,exact_event_observed,3,BOTS | EVTX
T1068,Exploitation for Privilege Escalation,DC0067,Logon Session Creation,67,67,True,True,True,exact_event_observed,3,BOTS | EVTX
T1068,Exploitation for Privilege Escalation,DC0079,Driver Load,3,3,True,True,True,exact_event_observed,3,BOTS | EVTX
T1068,Exploitation for Privilege Escalation,DC0088,Logon Session Metadata,34,34,True,True,True,exact_event_observed,3,BOTS | EVTX
T1068,Exploitation for Privilege Escalation,DC0091,Container Enumeration,3,3,False,False,True,source_observed,2,BOTS
T1069,Permission Groups Discovery,DC0032,Process Creation,333,333,True,True,True,exact_event_observed,3,BOTS | EVTX
T1069,Permission Groups Discovery,DC0064,Command Execution,291,291,True,True,True,exact_event_observed,3,BOTS | EVTX
T1069.001,Local Groups,DC0032,Process Creation,333,333,True,True,True,exact_event_observed,3,BOTS | EVTX
T1069.002,Domain Groups,DC0032,Process Creation,333,333,True,True,True,exact_event_observed,3,BOTS | EVTX
T1069.002,Domain Groups,DC0064,Command Execution,291,291,True,True,True,exact_event_observed,3,BOTS | EVTX
T1069.002,Domain Groups,DC0085,Network Traffic Content,279,279,True,False,True,source_observed,2,BOTS | EVTX
T1069.003,Cloud Groups,DC0064,Command Execution,291,291,True,True,True,exact_event_observed,3,BOTS | EVTX
T1069.003,Cloud Groups,DC0099,Group Enumeration,6,6,True,True,True,exact_event_observed,3,BOTS | EVTX
T1069.003,Cloud Groups,DC0105,Group Metadata,1,1,False,False,False,not_observed,0,
T1070,Indicator Removal,DC0012,Scheduled Job Modification,4,4,True,True,True,exact_event_observed,3,BOTS | EVTX
T1070,Indicator Removal,DC0038,Application Log Content,229,229,True,True,True,exact_event_observed,3,BOTS | EVTX
T1070,Indicator Removal,DC0040,File Deletion,25,25,True,True,True,exact_event_observed,3,BOTS | EVTX
T1070,Indicator Removal,DC0059,File Metadata,91,91,True,True,True,exact_event_observed,3,BOTS | EVTX
T1070,Indicator Removal,DC0061,File Modification,150,150,True,True,True,exact_event_observed,3,BOTS | EVTX
T1070,Indicator Removal,DC0063,Windows Registry Key Modification,9,9,True,True,True,exact_event_observed,3,BOTS | EVTX
T1070.003,Clear Command History,DC0032,Process Creation,333,333,True,True,True,exact_event_observed,3,BOTS | EVTX
T1070.003,Clear Command History,DC0040,File Deletion,25,25,True,True,True,exact_event_observed,3,BOTS | EVTX
T1070.003,Clear Command History,DC0061,File Modification,150,150,True,True,True,exact_event_observed,3,BOTS | EVTX
T1070.003,Clear Command History,DC0064,Command Execution,291,291,True,True,True,exact_event_observed,3,BOTS | EVTX
T1070.004,File Deletion,DC0032,Process Creation,333,333,True,True,True,exact_event_observed,3,BOTS | EVTX
T1070.004,File Deletion,DC0040,File Deletion,25,25,True,True,True,exact_event_observed,3,BOTS | EVTX
T1070.004,File Deletion,DC0055,File Access,113,113,True,True,True,exact_event_observed,3,BOTS | EVTX
T1070.004,File Deletion,DC0061,File Modification,150,150,True,True,True,exact_event_observed,3,BOTS | EVTX
T1070.004,File Deletion,DC0064,Command Execution,291,291,True,True,True,exact_event_observed,3,BOTS | EVTX
T1070.005,Network Share Connection Removal,DC0032,Process Creation,333,333,True,True,True,exact_event_observed,3,BOTS | EVTX
T1070.005,Network Share Connection Removal,DC0064,Command Execution,291,291,True,True,True,exact_event_observed,3,BOTS | EVTX
T1070.005,Network Share Connection Removal,DC0067,Logon Session Creation,67,67,True,True,True,exact_event_observed,3,BOTS | EVTX
T1070.005,Network Share Connection Removal,DC0085,Network Traffic Content,279,279,True,False,True,source_observed,2,BOTS | EVTX
T1070.006,Timestomp,DC0021,OS API Execution,170,170,True,True,True,exact_event_observed,3,BOTS | EVTX
T1070.006,Timestomp,DC0032,Process Creation,333,333,True,True,True,exact_event_observed,3,BOTS | EVTX
T1070.006,Timestomp,DC0055,File Access,113,113,True,True,True,exact_event_observed,3,BOTS | EVTX
T1070.006,Timestomp,DC0059,File Metadata,91,91,True,True,True,exact_event_observed,3,BOTS | EVTX
T1070.006,Timestomp,DC0061,File Modification,150,150,True,True,True,exact_event_observed,3,BOTS | EVTX
T1070.006,Timestomp,DC0064,Command Execution,291,291,True,True,True,exact_event_observed,3,BOTS | EVTX
T1070.007,Clear Network Connection History and Configurations,DC0032,Process Creation,333,333,True,True,True,exact_event_observed,3,BOTS | EVTX
T1070.007,Clear Network Connection History and Configurations,DC0051,Firewall Rule Modification,14,14,False,False,True,source_observed,2,BOTS | EVTX
T1070.007,Clear Network Connection History and Configurations,DC0061,File Modification,150,150,True,True,True,exact_event_observed,3,BOTS | EVTX
T1070.007,Clear Network Connection History and Configurations,DC0063,Windows Registry Key Modification,9,9,True,True,True,exact_event_observed,3,BOTS | EVTX
T1070.007,Clear Network Connection History and Configurations,DC0064,Command Execution,291,291,True,True,True,exact_event_observed,3,BOTS | EVTX
T1070.007,Clear Network Connection History and Configurations,DC0085,Network Traffic Content,279,279,True,False,True,source_observed,2,BOTS | EVTX
T1070.008,Clear Mailbox Data,DC0032,Process Creation,333,333,True,True,True,exact_event_observed,3,BOTS | EVTX
T1070.008,Clear Mailbox Data,DC0038,Application Log Content,229,229,True,True,True,exact_event_observed,3,BOTS | EVTX
T1070.008,Clear Mailbox Data,DC0040,File Deletion,25,25,True,True,True,exact_event_observed,3,BOTS | EVTX
T1070.008,Clear Mailbox Data,DC0061,File Modification,150,150,True,True,True,exact_event_observed,3,BOTS | EVTX
T1070.008,Clear Mailbox Data,DC0064,Command Execution,291,291,True,True,True,exact_event_observed,3,BOTS | EVTX
T1070.009,Clear Persistence,DC0001,Scheduled Job Creation,17,17,True,True,True,exact_event_observed,3,BOTS | EVTX
T1070.009,Clear Persistence,DC0009,User Account Deletion,3,3,True,False,True,source_observed_event_unverified,1,BOTS | EVTX
T1070.009,Clear Persistence,DC0032,Process Creation,333,333,True,True,True,exact_event_observed,3,BOTS | EVTX
T1070.009,Clear Persistence,DC0040,File Deletion,25,25,True,True,True,exact_event_observed,3,BOTS | EVTX
T1070.009,Clear Persistence,DC0063,Windows Registry Key Modification,9,9,True,True,True,exact_event_observed,3,BOTS | EVTX
T1070.009,Clear Persistence,DC0064,Command Execution,291,291,True,True,True,exact_event_observed,3,BOTS | EVTX
T1070.010,Relocate Malware,DC0039,File Creation,128,128,True,True,True,exact_event_observed,3,BOTS | EVTX
T1070.010,Relocate Malware,DC0040,File Deletion,25,25,True,True,True,exact_event_observed,3,BOTS | EVTX
T1070.010,Relocate Malware,DC0061,File Modification,150,150,True,True,True,exact_event_observed,3,BOTS | EVTX
T1070.010,Relocate Malware,DC0064,Command Execution,291,291,True,True,True,exact_event_observed,3,BOTS | EVTX
T1071,Application Layer Protocol,DC0032,Process Creation,333,333,True,True,True,exact_event_observed,3,BOTS | EVTX
T1071,Application Layer Protocol,DC0064,Command Execution,291,291,True,True,True,exact_event_observed,3,BOTS | EVTX
T1071,Application Layer Protocol,DC0078,Network Traffic Flow,159,159,True,False,True,source_observed,2,BOTS | EVTX
T1071,Application Layer Protocol,DC0082,Network Connection Creation,98,98,True,True,True,exact_event_observed,3,BOTS | EVTX
T1071,Application Layer Protocol,DC0085,Network Traffic Content,279,279,True,False,True,source_observed,2,BOTS | EVTX
T1071.001,Web Protocols,DC0032,Process Creation,333,333,True,True,True,exact_event_observed,3,BOTS | EVTX
T1071.001,Web Protocols,DC0064,Command Execution,291,291,True,True,True,exact_event_observed,3,BOTS | EVTX
T1071.001,Web Protocols,DC0078,Network Traffic Flow,159,159,True,False,True,source_observed,2,BOTS | EVTX
T1071.001,Web Protocols,DC0082,Network Connection Creation,98,98,True,True,True,exact_event_observed,3,BOTS | EVTX
T1071.001,Web Protocols,DC0085,Network Traffic Content,279,279,True,False,True,source_observed,2,BOTS | EVTX
T1071.002,File Transfer Protocols,DC0032,Process Creation,333,333,True,True,True,exact_event_observed,3,BOTS | EVTX
T1071.002,File Transfer Protocols,DC0064,Command Execution,291,291,True,True,True,exact_event_observed,3,BOTS | EVTX
T1071.002,File Transfer Protocols,DC0078,Network Traffic Flow,159,159,True,False,True,source_observed,2,BOTS | EVTX
T1071.002,File Transfer Protocols,DC0082,Network Connection Creation,98,98,True,True,True,exact_event_observed,3,BOTS | EVTX
T1071.002,File Transfer Protocols,DC0085,Network Traffic Content,279,279,True,False,True,source_observed,2,BOTS | EVTX
T1071.003,Mail Protocols,DC0032,Process Creation,333,333,True,True,True,exact_event_observed,3,BOTS | EVTX
T1071.003,Mail Protocols,DC0078,Network Traffic Flow,159,159,True,False,True,source_observed,2,BOTS | EVTX
T1071.003,Mail Protocols,DC0082,Network Connection Creation,98,98,True,True,True,exact_event_observed,3,BOTS | EVTX
T1071.003,Mail Protocols,DC0085,Network Traffic Content,279,279,True,False,True,source_observed,2,BOTS | EVTX
T1071.004,DNS,DC0032,Process Creation,333,333,True,True,True,exact_event_observed,3,BOTS | EVTX
T1071.004,DNS,DC0078,Network Traffic Flow,159,159,True,False,True,source_observed,2,BOTS | EVTX
T1071.004,DNS,DC0082,Network Connection Creation,98,98,True,True,True,exact_event_observed,3,BOTS | EVTX
T1071.004,DNS,DC0085,Network Traffic Content,279,279,True,False,True,source_observed,2,BOTS | EVTX
T1071.005,Publish/Subscribe Protocols,DC0032,Process Creation,333,333,True,True,True,exact_event_observed,3,BOTS | EVTX
T1071.005,Publish/Subscribe Protocols,DC0078,Network Traffic Flow,159,159,True,False,True,source_observed,2,BOTS | EVTX
T1071.005,Publish/Subscribe Protocols,DC0082,Network Connection Creation,98,98,True,True,True,exact_event_observed,3,BOTS | EVTX
T1071.005,Publish/Subscribe Protocols,DC0085,Network Traffic Content,279,279,True,False,True,source_observed,2,BOTS | EVTX
T1072,Software Deployment Tools,DC0032,Process Creation,333,333,True,True,True,exact_event_observed,3,BOTS | EVTX
T1072,Software Deployment Tools,DC0038,Application Log Content,229,229,True,True,True,exact_event_observed,3,BOTS | EVTX
T1072,Software Deployment Tools,DC0064,Command Execution,291,291,True,True,True,exact_event_observed,3,BOTS | EVTX
T1072,Software Deployment Tools,DC0078,Network Traffic Flow,159,159,True,False,True,source_observed,2,BOTS | EVTX
T1074,Data Staged,DC0025,Cloud Storage Access,8,8,False,False,True,source_observed,2,BOTS
T1074,Data Staged,DC0032,Process Creation,333,333,True,True,True,exact_event_observed,3,BOTS | EVTX
T1074,Data Staged,DC0039,File Creation,128,128,True,True,True,exact_event_observed,3,BOTS | EVTX
T1074,Data Staged,DC0055,File Access,113,113,True,True,True,exact_event_observed,3,BOTS | EVTX
T1074,Data Staged,DC0064,Command Execution,291,291,True,True,True,exact_event_observed,3,BOTS | EVTX
T1074.001,Local Data Staging,DC0032,Process Creation,333,333,True,True,True,exact_event_observed,3,BOTS | EVTX
T1074.001,Local Data Staging,DC0039,File Creation,128,128,True,True,True,exact_event_observed,3,BOTS | EVTX
T1074.001,Local Data Staging,DC0055,File Access,113,113,True,True,True,exact_event_observed,3,BOTS | EVTX
T1074.001,Local Data Staging,DC0057,Snapshot Creation,3,3,False,False,True,source_observed,2,BOTS
T1074.001,Local Data Staging,DC0064,Command Execution,291,291,True,True,True,exact_event_observed,3,BOTS | EVTX
T1074.002,Remote Data Staging,DC0025,Cloud Storage Access,8,8,False,False,True,source_observed,2,BOTS
T1074.002,Remote Data Staging,DC0032,Process Creation,333,333,True,True,True,exact_event_observed,3,BOTS | EVTX
T1074.002,Remote Data Staging,DC0039,File Creation,128,128,True,True,True,exact_event_observed,3,BOTS | EVTX
T1074.002,Remote Data Staging,DC0055,File Access,113,113,True,True,True,exact_event_observed,3,BOTS | EVTX
T1074.002,Remote Data Staging,DC0064,Command Execution,291,291,True,True,True,exact_event_observed,3,BOTS | EVTX
T1074.002,Remote Data Staging,DC0085,Network Traffic Content,279,279,True,False,True,source_observed,2,BOTS | EVTX
T1074.002,Remote Data Staging,DC0102,Network Share Access,7,7,True,True,True,exact_event_observed,3,BOTS | EVTX
T1078,Valid Accounts,DC0002,User Account Authentication,109,109,True,True,True,exact_event_observed,3,BOTS | EVTX
T1078,Valid Accounts,DC0032,Process Creation,333,333,True,True,True,exact_event_observed,3,BOTS | EVTX
T1078,Valid Accounts,DC0067,Logon Session Creation,67,67,True,True,True,exact_event_observed,3,BOTS | EVTX
T1078,Valid Accounts,DC0088,Logon Session Metadata,34,34,True,True,True,exact_event_observed,3,BOTS | EVTX
T1078.001,Default Accounts,DC0002,User Account Authentication,109,109,True,True,True,exact_event_observed,3,BOTS | EVTX
T1078.001,Default Accounts,DC0067,Logon Session Creation,67,67,True,True,True,exact_event_observed,3,BOTS | EVTX
T1078.001,Default Accounts,DC0088,Logon Session Metadata,34,34,True,True,True,exact_event_observed,3,BOTS | EVTX
T1078.002,Domain Accounts,DC0002,User Account Authentication,109,109,True,True,True,exact_event_observed,3,BOTS | EVTX
T1078.002,Domain Accounts,DC0032,Process Creation,333,333,True,True,True,exact_event_observed,3,BOTS | EVTX
T1078.002,Domain Accounts,DC0082,Network Connection Creation,98,98,True,True,True,exact_event_observed,3,BOTS | EVTX
T1078.002,Domain Accounts,DC0088,Logon Session Metadata,34,34,True,True,True,exact_event_observed,3,BOTS | EVTX
T1078.003,Local Accounts,DC0002,User Account Authentication,109,109,True,True,True,exact_event_observed,3,BOTS | EVTX
T1078.003,Local Accounts,DC0067,Logon Session Creation,67,67,True,True,True,exact_event_observed,3,BOTS | EVTX
T1078.003,Local Accounts,DC0088,Logon Session Metadata,34,34,True,True,True,exact_event_observed,3,BOTS | EVTX
T1078.004,Cloud Accounts,DC0002,User Account Authentication,109,109,True,True,True,exact_event_observed,3,BOTS | EVTX
T1078.004,Cloud Accounts,DC0067,Logon Session Creation,67,67,True,True,True,exact_event_observed,3,BOTS | EVTX
T1078.004,Cloud Accounts,DC0088,Logon Session Metadata,34,34,True,True,True,exact_event_observed,3,BOTS | EVTX
T1080,Taint Shared Content,DC0039,File Creation,128,128,True,True,True,exact_event_observed,3,BOTS | EVTX
T1080,Taint Shared Content,DC0061,File Modification,150,150,True,True,True,exact_event_observed,3,BOTS | EVTX
T1080,Taint Shared Content,DC0102,Network Share Access,7,7,True,True,True,exact_event_observed,3,BOTS | EVTX
T1082,System Information Discovery,DC0032,Process Creation,333,333,True,True,True,exact_event_observed,3,BOTS | EVTX
T1082,System Information Discovery,DC0063,Windows Registry Key Modification,9,9,True,True,True,exact_event_observed,3,BOTS | EVTX
T1082,System Information Discovery,DC0064,Command Execution,291,291,True,True,True,exact_event_observed,3,BOTS | EVTX
T1082,System Information Discovery,DC0075,Instance Enumeration,5,5,False,False,True,source_observed,2,BOTS
T1083,File and Directory Discovery,DC0032,Process Creation,333,333,True,True,True,exact_event_observed,3,BOTS | EVTX
T1083,File and Directory Discovery,DC0039,File Creation,128,128,True,True,True,exact_event_observed,3,BOTS | EVTX
T1083,File and Directory Discovery,DC0055,File Access,113,113,True,True,True,exact_event_observed,3,BOTS | EVTX
T1083,File and Directory Discovery,DC0064,Command Execution,291,291,True,True,True,exact_event_observed,3,BOTS | EVTX
T1087,Account Discovery,DC0013,User Account Metadata,29,29,True,True,True,exact_event_observed,3,BOTS | EVTX
T1087,Account Discovery,DC0029,Script Execution,32,32,True,True,True,exact_event_observed,3,BOTS | EVTX
T1087,Account Discovery,DC0032,Process Creation,333,333,True,True,True,exact_event_observed,3,BOTS | EVTX
T1087,Account Discovery,DC0055,File Access,113,113,True,True,True,exact_event_observed,3,BOTS | EVTX
T1087,Account Discovery,DC0064,Command Execution,291,291,True,True,True,exact_event_observed,3,BOTS | EVTX
T1087,Account Discovery,DC0083,Cloud Service Enumeration,12,12,False,False,True,source_observed,2,BOTS
T1087,Account Discovery,DC0099,Group Enumeration,6,6,True,True,True,exact_event_observed,3,BOTS | EVTX
T1087.001,Local Account,DC0013,User Account Metadata,29,29,True,True,True,exact_event_observed,3,BOTS | EVTX
T1087.001,Local Account,DC0032,Process Creation,333,333,True,True,True,exact_event_observed,3,BOTS | EVTX
T1087.001,Local Account,DC0055,File Access,113,113,True,True,True,exact_event_observed,3,BOTS | EVTX
T1087.002,Domain Account,DC0032,Process Creation,333,333,True,True,True,exact_event_observed,3,BOTS | EVTX
T1087.002,Domain Account,DC0064,Command Execution,291,291,True,True,True,exact_event_observed,3,BOTS | EVTX
T1087.002,Domain Account,DC0085,Network Traffic Content,279,279,True,False,True,source_observed,2,BOTS | EVTX
T1087.003,Email Account,DC0002,User Account Authentication,109,109,True,True,True,exact_event_observed,3,BOTS | EVTX
T1087.003,Email Account,DC0013,User Account Metadata,29,29,True,True,True,exact_event_observed,3,BOTS | EVTX
T1087.003,Email Account,DC0032,Process Creation,333,333,True,True,True,exact_event_observed,3,BOTS | EVTX
T1087.003,Email Account,DC0038,Application Log Content,229,229,True,True,True,exact_event_observed,3,BOTS | EVTX
T1087.003,Email Account,DC0064,Command Execution,291,291,True,True,True,exact_event_observed,3,BOTS | EVTX
T1087.004,Cloud Account,DC0002,User Account Authentication,109,109,True,True,True,exact_event_observed,3,BOTS | EVTX
T1087.004,Cloud Account,DC0013,User Account Metadata,29,29,True,True,True,exact_event_observed,3,BOTS | EVTX
T1087.004,Cloud Account,DC0038,Application Log Content,229,229,True,True,True,exact_event_observed,3,BOTS | EVTX
T1087.004,Cloud Account,DC0064,Command Execution,291,291,True,True,True,exact_event_observed,3,BOTS | EVTX
T1090,Proxy,DC0032,Process Creation,333,333,True,True,True,exact_event_observed,3,BOTS | EVTX
T1090,Proxy,DC0051,Firewall Rule Modification,14,14,False,False,True,source_observed,2,BOTS | EVTX
T1090,Proxy,DC0064,Command Execution,291,291,True,True,True,exact_event_observed,3,BOTS | EVTX
T1090,Proxy,DC0078,Network Traffic Flow,159,159,True,False,True,source_observed,2,BOTS | EVTX
T1090,Proxy,DC0082,Network Connection Creation,98,98,True,True,True,exact_event_observed,3,BOTS | EVTX
T1090.001,Internal Proxy,DC0032,Process Creation,333,333,True,True,True,exact_event_observed,3,BOTS | EVTX
T1090.001,Internal Proxy,DC0051,Firewall Rule Modification,14,14,False,False,True,source_observed,2,BOTS | EVTX
T1090.001,Internal Proxy,DC0060,Service Creation,15,15,True,True,True,exact_event_observed,3,BOTS | EVTX
T1090.001,Internal Proxy,DC0064,Command Execution,291,291,True,True,True,exact_event_observed,3,BOTS | EVTX
T1090.001,Internal Proxy,DC0078,Network Traffic Flow,159,159,True,False,True,source_observed,2,BOTS | EVTX
T1090.001,Internal Proxy,DC0082,Network Connection Creation,98,98,True,True,True,exact_event_observed,3,BOTS | EVTX
T1090.001,Internal Proxy,DC0085,Network Traffic Content,279,279,True,False,True,source_observed,2,BOTS | EVTX
T1090.002,External Proxy,DC0032,Process Creation,333,333,True,True,True,exact_event_observed,3,BOTS | EVTX
T1090.002,External Proxy,DC0051,Firewall Rule Modification,14,14,False,False,True,source_observed,2,BOTS | EVTX
T1090.002,External Proxy,DC0078,Network Traffic Flow,159,159,True,False,True,source_observed,2,BOTS | EVTX
T1090.002,External Proxy,DC0082,Network Connection Creation,98,98,True,True,True,exact_event_observed,3,BOTS | EVTX
T1090.002,External Proxy,DC0085,Network Traffic Content,279,279,True,False,True,source_observed,2,BOTS | EVTX
T1090.003,Multi-hop Proxy,DC0004,Firmware Modification,19,19,False,False,True,source_observed,2,BOTS | EVTX
T1090.003,Multi-hop Proxy,DC0032,Process Creation,333,333,True,True,True,exact_event_observed,3,BOTS | EVTX
T1090.003,Multi-hop Proxy,DC0078,Network Traffic Flow,159,159,True,False,True,source_observed,2,BOTS | EVTX
T1090.003,Multi-hop Proxy,DC0082,Network Connection Creation,98,98,True,True,True,exact_event_observed,3,BOTS | EVTX
T1090.003,Multi-hop Proxy,DC0085,Network Traffic Content,279,279,True,False,True,source_observed,2,BOTS | EVTX
T1090.004,Domain Fronting,DC0032,Process Creation,333,333,True,True,True,exact_event_observed,3,BOTS | EVTX
T1090.004,Domain Fronting,DC0082,Network Connection Creation,98,98,True,True,True,exact_event_observed,3,BOTS | EVTX
T1090.004,Domain Fronting,DC0085,Network Traffic Content,279,279,True,False,True,source_observed,2,BOTS | EVTX
T1091,Replication Through Removable Media,DC0032,Process Creation,333,333,True,True,True,exact_event_observed,3,BOTS | EVTX
T1091,Replication Through Removable Media,DC0039,File Creation,128,128,True,True,True,exact_event_observed,3,BOTS | EVTX
T1091,Replication Through Removable Media,DC0042,Drive Creation,22,22,True,False,True,source_observed,2,BOTS | EVTX
T1091,Replication Through Removable Media,DC0055,File Access,113,113,True,True,True,exact_event_observed,3,BOTS | EVTX
T1092,Communication Through Removable Media,DC0032,Process Creation,333,333,True,True,True,exact_event_observed,3,BOTS | EVTX
T1092,Communication Through Removable Media,DC0039,File Creation,128,128,True,True,True,exact_event_observed,3,BOTS | EVTX
T1092,Communication Through Removable Media,DC0042,Drive Creation,22,22,True,False,True,source_observed,2,BOTS | EVTX
T1095,Non-Application Layer Protocol,DC0078,Network Traffic Flow,159,159,True,False,True,source_observed,2,BOTS | EVTX
T1095,Non-Application Layer Protocol,DC0082,Network Connection Creation,98,98,True,True,True,exact_event_observed,3,BOTS | EVTX
T1095,Non-Application Layer Protocol,DC0085,Network Traffic Content,279,279,True,False,True,source_observed,2,BOTS | EVTX
T1098,Account Manipulation,DC0010,User Account Modification,41,41,True,True,True,exact_event_observed,3,BOTS | EVTX
T1098,Account Manipulation,DC0032,Process Creation,333,333,True,True,True,exact_event_observed,3,BOTS | EVTX
T1098,Account Manipulation,DC0061,File Modification,150,150,True,True,True,exact_event_observed,3,BOTS | EVTX
T1098,Account Manipulation,DC0066,Active Directory Object Modification,11,11,True,True,True,exact_event_observed,3,BOTS | EVTX
T1098.001,Additional Cloud Credentials,DC0010,User Account Modification,41,41,True,True,True,exact_event_observed,3,BOTS | EVTX
T1098.001,Additional Cloud Credentials,DC0066,Active Directory Object Modification,11,11,True,True,True,exact_event_observed,3,BOTS | EVTX
T1098.001,Additional Cloud Credentials,DC0087,Active Directory Object Creation,4,4,True,False,True,source_observed,2,BOTS | EVTX
T1098.002,Additional Email Delegate Permissions,DC0010,User Account Modification,41,41,True,True,True,exact_event_observed,3,BOTS | EVTX
T1098.002,Additional Email Delegate Permissions,DC0032,Process Creation,333,333,True,True,True,exact_event_observed,3,BOTS | EVTX
T1098.002,Additional Email Delegate Permissions,DC0038,Application Log Content,229,229,True,True,True,exact_event_observed,3,BOTS | EVTX
T1098.003,Additional Cloud Roles,DC0010,User Account Modification,41,41,True,True,True,exact_event_observed,3,BOTS | EVTX
T1098.004,SSH Authorized Keys,DC0032,Process Creation,333,333,True,True,True,exact_event_observed,3,BOTS | EVTX
T1098.004,SSH Authorized Keys,DC0061,File Modification,150,150,True,True,True,exact_event_observed,3,BOTS | EVTX
T1098.004,SSH Authorized Keys,DC0064,Command Execution,291,291,True,True,True,exact_event_observed,3,BOTS | EVTX
T1098.005,Device Registration,DC0010,User Account Modification,41,41,True,True,True,exact_event_observed,3,BOTS | EVTX
T1098.005,Device Registration,DC0038,Application Log Content,229,229,True,True,True,exact_event_observed,3,BOTS | EVTX
T1098.005,Device Registration,DC0087,Active Directory Object Creation,4,4,True,False,True,source_observed,2,BOTS | EVTX
T1098.006,Additional Container Cluster Roles,DC0010,User Account Modification,41,41,True,True,True,exact_event_observed,3,BOTS | EVTX
T1098.007,Additional Local or Domain Groups,DC0010,User Account Modification,41,41,True,True,True,exact_event_observed,3,BOTS | EVTX
T1102,Web Service,DC0078,Network Traffic Flow,159,159,True,False,True,source_observed,2,BOTS | EVTX
T1102,Web Service,DC0082,Network Connection Creation,98,98,True,True,True,exact_event_observed,3,BOTS | EVTX
T1102,Web Service,DC0085,Network Traffic Content,279,279,True,False,True,source_observed,2,BOTS | EVTX
T1102.001,Dead Drop Resolver,DC0078,Network Traffic Flow,159,159,True,False,True,source_observed,2,BOTS | EVTX
T1102.001,Dead Drop Resolver,DC0082,Network Connection Creation,98,98,True,True,True,exact_event_observed,3,BOTS | EVTX
T1102.001,Dead Drop Resolver,DC0085,Network Traffic Content,279,279,True,False,True,source_observed,2,BOTS | EVTX
T1102.002,Bidirectional Communication,DC0032,Process Creation,333,333,True,True,True,exact_event_observed,3,BOTS | EVTX
T1102.002,Bidirectional Communication,DC0078,Network Traffic Flow,159,159,True,False,True,source_observed,2,BOTS | EVTX
T1102.002,Bidirectional Communication,DC0082,Network Connection Creation,98,98,True,True,True,exact_event_observed,3,BOTS | EVTX
T1102.002,Bidirectional Communication,DC0085,Network Traffic Content,279,279,True,False,True,source_observed,2,BOTS | EVTX
T1102.003,One-Way Communication,DC0032,Process Creation,333,333,True,True,True,exact_event_observed,3,BOTS | EVTX
T1102.003,One-Way Communication,DC0078,Network Traffic Flow,159,159,True,False,True,source_observed,2,BOTS | EVTX
T1102.003,One-Way Communication,DC0082,Network Connection Creation,98,98,True,True,True,exact_event_observed,3,BOTS | EVTX
T1102.003,One-Way Communication,DC0085,Network Traffic Content,279,279,True,False,True,source_observed,2,BOTS | EVTX
T1104,Multi-Stage Channels,DC0032,Process Creation,333,333,True,True,True,exact_event_observed,3,BOTS | EVTX
T1104,Multi-Stage Channels,DC0078,Network Traffic Flow,159,159,True,False,True,source_observed,2,BOTS | EVTX
T1104,Multi-Stage Channels,DC0082,Network Connection Creation,98,98,True,True,True,exact_event_observed,3,BOTS | EVTX
T1105,Ingress Tool Transfer,DC0032,Process Creation,333,333,True,True,True,exact_event_observed,3,BOTS | EVTX
T1105,Ingress Tool Transfer,DC0039,File Creation,128,128,True,True,True,exact_event_observed,3,BOTS | EVTX
T1105,Ingress Tool Transfer,DC0064,Command Execution,291,291,True,True,True,exact_event_observed,3,BOTS | EVTX
T1105,Ingress Tool Transfer,DC0078,Network Traffic Flow,159,159,True,False,True,source_observed,2,BOTS | EVTX
T1105,Ingress Tool Transfer,DC0082,Network Connection Creation,98,98,True,True,True,exact_event_observed,3,BOTS | EVTX
T1106,Native API,DC0016,Module Load,45,45,True,True,True,exact_event_observed,3,BOTS | EVTX
T1106,Native API,DC0032,Process Creation,333,333,True,True,True,exact_event_observed,3,BOTS | EVTX
T1106,Native API,DC0035,Process Access,35,35,True,True,True,exact_event_observed,3,BOTS | EVTX
T1110,Brute Force,DC0002,User Account Authentication,109,109,True,True,True,exact_event_observed,3,BOTS | EVTX
T1110.001,Password Guessing,DC0002,User Account Authentication,109,109,True,True,True,exact_event_observed,3,BOTS | EVTX
T1110.002,Password Cracking,DC0002,User Account Authentication,109,109,True,True,True,exact_event_observed,3,BOTS | EVTX
T1110.002,Password Cracking,DC0032,Process Creation,333,333,True,True,True,exact_event_observed,3,BOTS | EVTX
T1110.002,Password Cracking,DC0035,Process Access,35,35,True,True,True,exact_event_observed,3,BOTS | EVTX
T1110.002,Password Cracking,DC0039,File Creation,128,128,True,True,True,exact_event_observed,3,BOTS | EVTX
T1110.002,Password Cracking,DC0055,File Access,113,113,True,True,True,exact_event_observed,3,BOTS | EVTX
T1110.003,Password Spraying,DC0002,User Account Authentication,109,109,True,True,True,exact_event_observed,3,BOTS | EVTX
T1110.004,Credential Stuffing,DC0002,User Account Authentication,109,109,True,True,True,exact_event_observed,3,BOTS | EVTX
T1111,Multi-Factor Authentication Interception,DC0021,OS API Execution,170,170,True,True,True,exact_event_observed,3,BOTS | EVTX
T1111,Multi-Factor Authentication Interception,DC0032,Process Creation,333,333,True,True,True,exact_event_observed,3,BOTS | EVTX
T1111,Multi-Factor Authentication Interception,DC0035,Process Access,35,35,True,True,True,exact_event_observed,3,BOTS | EVTX
T1111,Multi-Factor Authentication Interception,DC0063,Windows Registry Key Modification,9,9,True,True,True,exact_event_observed,3,BOTS | EVTX
T1111,Multi-Factor Authentication Interception,DC0067,Logon Session Creation,67,67,True,True,True,exact_event_observed,3,BOTS | EVTX
T1111,Multi-Factor Authentication Interception,DC0079,Driver Load,3,3,True,True,True,exact_event_observed,3,BOTS | EVTX
T1112,Modify Registry,DC0032,Process Creation,333,333,True,True,True,exact_event_observed,3,BOTS | EVTX
T1112,Modify Registry,DC0063,Windows Registry Key Modification,9,9,True,True,True,exact_event_observed,3,BOTS | EVTX
T1113,Screen Capture,DC0016,Module Load,45,45,True,True,True,exact_event_observed,3,BOTS | EVTX
T1113,Screen Capture,DC0032,Process Creation,333,333,True,True,True,exact_event_observed,3,BOTS | EVTX
T1114,Email Collection,DC0032,Process Creation,333,333,True,True,True,exact_event_observed,3,BOTS | EVTX
T1114,Email Collection,DC0038,Application Log Content,229,229,True,True,True,exact_event_observed,3,BOTS | EVTX
T1114,Email Collection,DC0055,File Access,113,113,True,True,True,exact_event_observed,3,BOTS | EVTX
T1114,Email Collection,DC0064,Command Execution,291,291,True,True,True,exact_event_observed,3,BOTS | EVTX
T1114,Email Collection,DC0067,Logon Session Creation,67,67,True,True,True,exact_event_observed,3,BOTS | EVTX
T1114,Email Collection,DC0082,Network Connection Creation,98,98,True,True,True,exact_event_observed,3,BOTS | EVTX
T1114,Email Collection,DC0102,Network Share Access,7,7,True,True,True,exact_event_observed,3,BOTS | EVTX
T1114.001,Local Email Collection,DC0032,Process Creation,333,333,True,True,True,exact_event_observed,3,BOTS | EVTX
T1114.001,Local Email Collection,DC0039,File Creation,128,128,True,True,True,exact_event_observed,3,BOTS | EVTX
T1114.001,Local Email Collection,DC0055,File Access,113,113,True,True,True,exact_event_observed,3,BOTS | EVTX
T1114.001,Local Email Collection,DC0082,Network Connection Creation,98,98,True,True,True,exact_event_observed,3,BOTS | EVTX
T1114.002,Remote Email Collection,DC0038,Application Log Content,229,229,True,True,True,exact_event_observed,3,BOTS | EVTX
T1114.002,Remote Email Collection,DC0064,Command Execution,291,291,True,True,True,exact_event_observed,3,BOTS | EVTX
T1114.002,Remote Email Collection,DC0067,Logon Session Creation,67,67,True,True,True,exact_event_observed,3,BOTS | EVTX
T1114.002,Remote Email Collection,DC0082,Network Connection Creation,98,98,True,True,True,exact_event_observed,3,BOTS | EVTX
T1114.003,Email Forwarding Rule,DC0032,Process Creation,333,333,True,True,True,exact_event_observed,3,BOTS | EVTX
T1114.003,Email Forwarding Rule,DC0038,Application Log Content,229,229,True,True,True,exact_event_observed,3,BOTS | EVTX
T1114.003,Email Forwarding Rule,DC0061,File Modification,150,150,True,True,True,exact_event_observed,3,BOTS | EVTX
T1114.003,Email Forwarding Rule,DC0064,Command Execution,291,291,True,True,True,exact_event_observed,3,BOTS | EVTX
T1114.003,Email Forwarding Rule,DC0070,Cloud Service Metadata,10,10,False,False,True,source_observed,2,BOTS
T1115,Clipboard Data,DC0032,Process Creation,333,333,True,True,True,exact_event_observed,3,BOTS | EVTX
T1115,Clipboard Data,DC0035,Process Access,35,35,True,True,True,exact_event_observed,3,BOTS | EVTX
T1119,Automated Collection,DC0002,User Account Authentication,109,109,True,True,True,exact_event_observed,3,BOTS | EVTX
T1119,Automated Collection,DC0029,Script Execution,32,32,True,True,True,exact_event_observed,3,BOTS | EVTX
T1119,Automated Collection,DC0032,Process Creation,333,333,True,True,True,exact_event_observed,3,BOTS | EVTX
T1119,Automated Collection,DC0039,File Creation,128,128,True,True,True,exact_event_observed,3,BOTS | EVTX
T1119,Automated Collection,DC0055,File Access,113,113,True,True,True,exact_event_observed,3,BOTS | EVTX
T1120,Peripheral Device Discovery,DC0032,Process Creation,333,333,True,True,True,exact_event_observed,3,BOTS | EVTX
T1120,Peripheral Device Discovery,DC0035,Process Access,35,35,True,True,True,exact_event_observed,3,BOTS | EVTX
T1120,Peripheral Device Discovery,DC0054,Drive Access,8,8,True,True,True,exact_event_observed,3,BOTS | EVTX
T1120,Peripheral Device Discovery,DC0055,File Access,113,113,True,True,True,exact_event_observed,3,BOTS | EVTX
T1123,Audio Capture,DC0021,OS API Execution,170,170,True,True,True,exact_event_observed,3,BOTS | EVTX
T1123,Audio Capture,DC0032,Process Creation,333,333,True,True,True,exact_event_observed,3,BOTS | EVTX
T1123,Audio Capture,DC0035,Process Access,35,35,True,True,True,exact_event_observed,3,BOTS | EVTX
T1123,Audio Capture,DC0039,File Creation,128,128,True,True,True,exact_event_observed,3,BOTS | EVTX
T1123,Audio Capture,DC0055,File Access,113,113,True,True,True,exact_event_observed,3,BOTS | EVTX
T1124,System Time Discovery,DC0001,Scheduled Job Creation,17,17,True,True,True,exact_event_observed,3,BOTS | EVTX
T1124,System Time Discovery,DC0002,User Account Authentication,109,109,True,True,True,exact_event_observed,3,BOTS | EVTX
T1124,System Time Discovery,DC0005,Scheduled Job Metadata,8,8,True,False,True,source_observed,2,BOTS | EVTX
T1124,System Time Discovery,DC0016,Module Load,45,45,True,True,True,exact_event_observed,3,BOTS | EVTX
T1124,System Time Discovery,DC0021,OS API Execution,170,170,True,True,True,exact_event_observed,3,BOTS | EVTX
T1124,System Time Discovery,DC0032,Process Creation,333,333,True,True,True,exact_event_observed,3,BOTS | EVTX
T1124,System Time Discovery,DC0034,Process Metadata,45,45,True,False,True,source_observed,2,BOTS | EVTX
T1124,System Time Discovery,DC0035,Process Access,35,35,True,True,True,exact_event_observed,3,BOTS | EVTX
T1124,System Time Discovery,DC0039,File Creation,128,128,True,True,True,exact_event_observed,3,BOTS | EVTX
T1124,System Time Discovery,DC0061,File Modification,150,150,True,True,True,exact_event_observed,3,BOTS | EVTX
T1124,System Time Discovery,DC0064,Command Execution,291,291,True,True,True,exact_event_observed,3,BOTS | EVTX
T1125,Video Capture,DC0016,Module Load,45,45,True,True,True,exact_event_observed,3,BOTS | EVTX
T1125,Video Capture,DC0021,OS API Execution,170,170,True,True,True,exact_event_observed,3,BOTS | EVTX
T1125,Video Capture,DC0032,Process Creation,333,333,True,True,True,exact_event_observed,3,BOTS | EVTX
T1125,Video Capture,DC0034,Process Metadata,45,45,True,False,True,source_observed,2,BOTS | EVTX
T1125,Video Capture,DC0039,File Creation,128,128,True,True,True,exact_event_observed,3,BOTS | EVTX
T1125,Video Capture,DC0055,File Access,113,113,True,True,True,exact_event_observed,3,BOTS | EVTX
T1125,Video Capture,DC0064,Command Execution,291,291,True,True,True,exact_event_observed,3,BOTS | EVTX
T1125,Video Capture,DC0082,Network Connection Creation,98,98,True,True,True,exact_event_observed,3,BOTS | EVTX
T1125,Video Capture,DC0085,Network Traffic Content,279,279,True,False,True,source_observed,2,BOTS | EVTX
T1127,Trusted Developer Utilities Proxy Execution,DC0016,Module Load,45,45,True,True,True,exact_event_observed,3,BOTS | EVTX
T1127,Trusted Developer Utilities Proxy Execution,DC0032,Process Creation,333,333,True,True,True,exact_event_observed,3,BOTS | EVTX
T1127,Trusted Developer Utilities Proxy Execution,DC0034,Process Metadata,45,45,True,False,True,source_observed,2,BOTS | EVTX
T1127,Trusted Developer Utilities Proxy Execution,DC0039,File Creation,128,128,True,True,True,exact_event_observed,3,BOTS | EVTX
T1127,Trusted Developer Utilities Proxy Execution,DC0082,Network Connection Creation,98,98,True,True,True,exact_event_observed,3,BOTS | EVTX
T1127.001,MSBuild,DC0016,Module Load,45,45,True,True,True,exact_event_observed,3,BOTS | EVTX
T1127.001,MSBuild,DC0020,Process Modification,19,19,True,True,True,exact_event_observed,3,BOTS | EVTX
T1127.001,MSBuild,DC0029,Script Execution,32,32,True,True,True,exact_event_observed,3,BOTS | EVTX
T1127.001,MSBuild,DC0032,Process Creation,333,333,True,True,True,exact_event_observed,3,BOTS | EVTX
T1127.001,MSBuild,DC0034,Process Metadata,45,45,True,False,True,source_observed,2,BOTS | EVTX
T1127.001,MSBuild,DC0035,Process Access,35,35,True,True,True,exact_event_observed,3,BOTS | EVTX
T1127.001,MSBuild,DC0039,File Creation,128,128,True,True,True,exact_event_observed,3,BOTS | EVTX
T1127.001,MSBuild,DC0082,Network Connection Creation,98,98,True,True,True,exact_event_observed,3,BOTS | EVTX
T1127.002,ClickOnce,DC0016,Module Load,45,45,True,True,True,exact_event_observed,3,BOTS | EVTX
T1127.002,ClickOnce,DC0032,Process Creation,333,333,True,True,True,exact_event_observed,3,BOTS | EVTX
T1127.002,ClickOnce,DC0034,Process Metadata,45,45,True,False,True,source_observed,2,BOTS | EVTX
T1127.003,JamPlus,DC0032,Process Creation,333,333,True,True,True,exact_event_observed,3,BOTS | EVTX
T1127.003,JamPlus,DC0034,Process Metadata,45,45,True,False,True,source_observed,2,BOTS | EVTX
T1127.003,JamPlus,DC0039,File Creation,128,128,True,True,True,exact_event_observed,3,BOTS | EVTX
T1127.003,JamPlus,DC0082,Network Connection Creation,98,98,True,True,True,exact_event_observed,3,BOTS | EVTX
T1129,Shared Modules,DC0016,Module Load,45,45,True,True,True,exact_event_observed,3,BOTS | EVTX
T1129,Shared Modules,DC0032,Process Creation,333,333,True,True,True,exact_event_observed,3,BOTS | EVTX
T1129,Shared Modules,DC0034,Process Metadata,45,45,True,False,True,source_observed,2,BOTS | EVTX
T1129,Shared Modules,DC0039,File Creation,128,128,True,True,True,exact_event_observed,3,BOTS | EVTX
T1129,Shared Modules,DC0055,File Access,113,113,True,True,True,exact_event_observed,3,BOTS | EVTX
T1129,Shared Modules,DC0082,Network Connection Creation,98,98,True,True,True,exact_event_observed,3,BOTS | EVTX
T1129,Shared Modules,DC0085,Network Traffic Content,279,279,True,False,True,source_observed,2,BOTS | EVTX
T1132,Data Encoding,DC0002,User Account Authentication,109,109,True,True,True,exact_event_observed,3,BOTS | EVTX
T1132,Data Encoding,DC0032,Process Creation,333,333,True,True,True,exact_event_observed,3,BOTS | EVTX
T1132,Data Encoding,DC0064,Command Execution,291,291,True,True,True,exact_event_observed,3,BOTS | EVTX
T1132,Data Encoding,DC0082,Network Connection Creation,98,98,True,True,True,exact_event_observed,3,BOTS | EVTX
T1132,Data Encoding,DC0085,Network Traffic Content,279,279,True,False,True,source_observed,2,BOTS | EVTX
T1132.001,Standard Encoding,DC0029,Script Execution,32,32,True,True,True,exact_event_observed,3,BOTS | EVTX
T1132.001,Standard Encoding,DC0032,Process Creation,333,333,True,True,True,exact_event_observed,3,BOTS | EVTX
T1132.001,Standard Encoding,DC0038,Application Log Content,229,229,True,True,True,exact_event_observed,3,BOTS | EVTX
T1132.001,Standard Encoding,DC0078,Network Traffic Flow,159,159,True,False,True,source_observed,2,BOTS | EVTX
T1132.001,Standard Encoding,DC0082,Network Connection Creation,98,98,True,True,True,exact_event_observed,3,BOTS | EVTX
T1132.001,Standard Encoding,DC0085,Network Traffic Content,279,279,True,False,True,source_observed,2,BOTS | EVTX
T1132.002,Non-Standard Encoding,DC0029,Script Execution,32,32,True,True,True,exact_event_observed,3,BOTS | EVTX
T1132.002,Non-Standard Encoding,DC0032,Process Creation,333,333,True,True,True,exact_event_observed,3,BOTS | EVTX
T1132.002,Non-Standard Encoding,DC0038,Application Log Content,229,229,True,True,True,exact_event_observed,3,BOTS | EVTX
T1132.002,Non-Standard Encoding,DC0078,Network Traffic Flow,159,159,True,False,True,source_observed,2,BOTS | EVTX
T1132.002,Non-Standard Encoding,DC0082,Network Connection Creation,98,98,True,True,True,exact_event_observed,3,BOTS | EVTX
T1132.002,Non-Standard Encoding,DC0085,Network Traffic Content,279,279,True,False,True,source_observed,2,BOTS | EVTX
T1133,External Remote Services,DC0002,User Account Authentication,109,109,True,True,True,exact_event_observed,3,BOTS | EVTX
T1133,External Remote Services,DC0038,Application Log Content,229,229,True,True,True,exact_event_observed,3,BOTS | EVTX
T1133,External Remote Services,DC0078,Network Traffic Flow,159,159,True,False,True,source_observed,2,BOTS | EVTX
T1133,External Remote Services,DC0082,Network Connection Creation,98,98,True,True,True,exact_event_observed,3,BOTS | EVTX
T1133,External Remote Services,DC0088,Logon Session Metadata,34,34,True,True,True,exact_event_observed,3,BOTS | EVTX
T1134,Access Token Manipulation,DC0021,OS API Execution,170,170,True,True,True,exact_event_observed,3,BOTS | EVTX
T1134,Access Token Manipulation,DC0032,Process Creation,333,333,True,True,True,exact_event_observed,3,BOTS | EVTX
T1134,Access Token Manipulation,DC0035,Process Access,35,35,True,True,True,exact_event_observed,3,BOTS | EVTX
T1134,Access Token Manipulation,DC0066,Active Directory Object Modification,11,11,True,True,True,exact_event_observed,3,BOTS | EVTX
T1134,Access Token Manipulation,DC0088,Logon Session Metadata,34,34,True,True,True,exact_event_observed,3,BOTS | EVTX
T1134.001,Token Impersonation/Theft,DC0021,OS API Execution,170,170,True,True,True,exact_event_observed,3,BOTS | EVTX
T1134.001,Token Impersonation/Theft,DC0032,Process Creation,333,333,True,True,True,exact_event_observed,3,BOTS | EVTX
T1134.001,Token Impersonation/Theft,DC0035,Process Access,35,35,True,True,True,exact_event_observed,3,BOTS | EVTX
T1134.002,Create Process with Token,DC0021,OS API Execution,170,170,True,True,True,exact_event_observed,3,BOTS | EVTX
T1134.002,Create Process with Token,DC0032,Process Creation,333,333,True,True,True,exact_event_observed,3,BOTS | EVTX
T1134.002,Create Process with Token,DC0035,Process Access,35,35,True,True,True,exact_event_observed,3,BOTS | EVTX
T1134.002,Create Process with Token,DC0066,Active Directory Object Modification,11,11,True,True,True,exact_event_observed,3,BOTS | EVTX
T1134.002,Create Process with Token,DC0088,Logon Session Metadata,34,34,True,True,True,exact_event_observed,3,BOTS | EVTX
T1134.003,Make and Impersonate Token,DC0021,OS API Execution,170,170,True,True,True,exact_event_observed,3,BOTS | EVTX
T1134.003,Make and Impersonate Token,DC0032,Process Creation,333,333,True,True,True,exact_event_observed,3,BOTS | EVTX
T1134.003,Make and Impersonate Token,DC0088,Logon Session Metadata,34,34,True,True,True,exact_event_observed,3,BOTS | EVTX
T1134.004,Parent PID Spoofing,DC0021,OS API Execution,170,170,True,True,True,exact_event_observed,3,BOTS | EVTX
T1134.004,Parent PID Spoofing,DC0032,Process Creation,333,333,True,True,True,exact_event_observed,3,BOTS | EVTX
T1134.004,Parent PID Spoofing,DC0034,Process Metadata,45,45,True,False,True,source_observed,2,BOTS | EVTX
T1134.005,SID-History Injection,DC0013,User Account Metadata,29,29,True,True,True,exact_event_observed,3,BOTS | EVTX
T1134.005,SID-History Injection,DC0021,OS API Execution,170,170,True,True,True,exact_event_observed,3,BOTS | EVTX
T1134.005,SID-History Injection,DC0066,Active Directory Object Modification,11,11,True,True,True,exact_event_observed,3,BOTS | EVTX
T1135,Network Share Discovery,DC0021,OS API Execution,170,170,True,True,True,exact_event_observed,3,BOTS | EVTX
T1135,Network Share Discovery,DC0032,Process Creation,333,333,True,True,True,exact_event_observed,3,BOTS | EVTX
T1135,Network Share Discovery,DC0048,Named Pipe Metadata,2,2,True,True,True,exact_event_observed,3,BOTS | EVTX
T1135,Network Share Discovery,DC0064,Command Execution,291,291,True,True,True,exact_event_observed,3,BOTS | EVTX
T1135,Network Share Discovery,DC0078,Network Traffic Flow,159,159,True,False,True,source_observed,2,BOTS | EVTX
T1135,Network Share Discovery,DC0082,Network Connection Creation,98,98,True,True,True,exact_event_observed,3,BOTS | EVTX
T1136,Create Account,DC0010,User Account Modification,41,41,True,True,True,exact_event_observed,3,BOTS | EVTX
T1136,Create Account,DC0014,User Account Creation,11,11,True,True,True,exact_event_observed,3,BOTS | EVTX
T1136,Create Account,DC0032,Process Creation,333,333,True,True,True,exact_event_observed,3,BOTS | EVTX
T1136,Create Account,DC0061,File Modification,150,150,True,True,True,exact_event_observed,3,BOTS | EVTX
T1136,Create Account,DC0064,Command Execution,291,291,True,True,True,exact_event_observed,3,BOTS | EVTX
T1136.001,Local Account,DC0014,User Account Creation,11,11,True,True,True,exact_event_observed,3,BOTS | EVTX
T1136.001,Local Account,DC0032,Process Creation,333,333,True,True,True,exact_event_observed,3,BOTS | EVTX
T1136.001,Local Account,DC0061,File Modification,150,150,True,True,True,exact_event_observed,3,BOTS | EVTX
T1136.001,Local Account,DC0064,Command Execution,291,291,True,True,True,exact_event_observed,3,BOTS | EVTX
T1136.002,Domain Account,DC0002,User Account Authentication,109,109,True,True,True,exact_event_observed,3,BOTS | EVTX
T1136.002,Domain Account,DC0014,User Account Creation,11,11,True,True,True,exact_event_observed,3,BOTS | EVTX
T1136.002,Domain Account,DC0032,Process Creation,333,333,True,True,True,exact_event_observed,3,BOTS | EVTX
T1136.002,Domain Account,DC0064,Command Execution,291,291,True,True,True,exact_event_observed,3,BOTS | EVTX
T1136.002,Domain Account,DC0067,Logon Session Creation,67,67,True,True,True,exact_event_observed,3,BOTS | EVTX
T1136.003,Cloud Account,DC0002,User Account Authentication,109,109,True,True,True,exact_event_observed,3,BOTS | EVTX
T1136.003,Cloud Account,DC0010,User Account Modification,41,41,True,True,True,exact_event_observed,3,BOTS | EVTX
T1136.003,Cloud Account,DC0014,User Account Creation,11,11,True,True,True,exact_event_observed,3,BOTS | EVTX
T1136.003,Cloud Account,DC0094,Group Modification,1,1,False,False,False,not_observed,0,
T1137,Office Application Startup,DC0010,User Account Modification,41,41,True,True,True,exact_event_observed,3,BOTS | EVTX
T1137,Office Application Startup,DC0032,Process Creation,333,333,True,True,True,exact_event_observed,3,BOTS | EVTX
T1137,Office Application Startup,DC0038,Application Log Content,229,229,True,True,True,exact_event_observed,3,BOTS | EVTX
T1137,Office Application Startup,DC0039,File Creation,128,128,True,True,True,exact_event_observed,3,BOTS | EVTX
T1137,Office Application Startup,DC0063,Windows Registry Key Modification,9,9,True,True,True,exact_event_observed,3,BOTS | EVTX
T1137.001,Office Template Macros,DC0032,Process Creation,333,333,True,True,True,exact_event_observed,3,BOTS | EVTX
T1137.001,Office Template Macros,DC0039,File Creation,128,128,True,True,True,exact_event_observed,3,BOTS | EVTX
T1137.001,Office Template Macros,DC0059,File Metadata,91,91,True,True,True,exact_event_observed,3,BOTS | EVTX
T1137.001,Office Template Macros,DC0063,Windows Registry Key Modification,9,9,True,True,True,exact_event_observed,3,BOTS | EVTX
T1137.001,Office Template Macros,DC0064,Command Execution,291,291,True,True,True,exact_event_observed,3,BOTS | EVTX
T1137.002,Office Test,DC0016,Module Load,45,45,True,True,True,exact_event_observed,3,BOTS | EVTX
T1137.002,Office Test,DC0032,Process Creation,333,333,True,True,True,exact_event_observed,3,BOTS | EVTX
T1137.002,Office Test,DC0039,File Creation,128,128,True,True,True,exact_event_observed,3,BOTS | EVTX
T1137.002,Office Test,DC0063,Windows Registry Key Modification,9,9,True,True,True,exact_event_observed,3,BOTS | EVTX
T1137.002,Office Test,DC0064,Command Execution,291,291,True,True,True,exact_event_observed,3,BOTS | EVTX
T1137.003,Outlook Forms,DC0016,Module Load,45,45,True,True,True,exact_event_observed,3,BOTS | EVTX
T1137.003,Outlook Forms,DC0032,Process Creation,333,333,True,True,True,exact_event_observed,3,BOTS | EVTX
T1137.003,Outlook Forms,DC0038,Application Log Content,229,229,True,True,True,exact_event_observed,3,BOTS | EVTX
T1137.003,Outlook Forms,DC0064,Command Execution,291,291,True,True,True,exact_event_observed,3,BOTS | EVTX
T1137.004,Outlook Home Page,DC0016,Module Load,45,45,True,True,True,exact_event_observed,3,BOTS | EVTX
T1137.004,Outlook Home Page,DC0032,Process Creation,333,333,True,True,True,exact_event_observed,3,BOTS | EVTX
T1137.004,Outlook Home Page,DC0038,Application Log Content,229,229,True,True,True,exact_event_observed,3,BOTS | EVTX
T1137.004,Outlook Home Page,DC0064,Command Execution,291,291,True,True,True,exact_event_observed,3,BOTS | EVTX
T1137.005,Outlook Rules,DC0016,Module Load,45,45,True,True,True,exact_event_observed,3,BOTS | EVTX
T1137.005,Outlook Rules,DC0032,Process Creation,333,333,True,True,True,exact_event_observed,3,BOTS | EVTX
T1137.005,Outlook Rules,DC0038,Application Log Content,229,229,True,True,True,exact_event_observed,3,BOTS | EVTX
T1137.005,Outlook Rules,DC0064,Command Execution,291,291,True,True,True,exact_event_observed,3,BOTS | EVTX
T1137.006,Add-ins,DC0032,Process Creation,333,333,True,True,True,exact_event_observed,3,BOTS | EVTX
T1137.006,Add-ins,DC0038,Application Log Content,229,229,True,True,True,exact_event_observed,3,BOTS | EVTX
T1137.006,Add-ins,DC0039,File Creation,128,128,True,True,True,exact_event_observed,3,BOTS | EVTX
T1137.006,Add-ins,DC0061,File Modification,150,150,True,True,True,exact_event_observed,3,BOTS | EVTX
T1137.006,Add-ins,DC0063,Windows Registry Key Modification,9,9,True,True,True,exact_event_observed,3,BOTS | EVTX
T1137.006,Add-ins,DC0064,Command Execution,291,291,True,True,True,exact_event_observed,3,BOTS | EVTX
T1140,Deobfuscate/Decode Files or Information,DC0032,Process Creation,333,333,True,True,True,exact_event_observed,3,BOTS | EVTX
T1140,Deobfuscate/Decode Files or Information,DC0035,Process Access,35,35,True,True,True,exact_event_observed,3,BOTS | EVTX
T1140,Deobfuscate/Decode Files or Information,DC0039,File Creation,128,128,True,True,True,exact_event_observed,3,BOTS | EVTX
T1140,Deobfuscate/Decode Files or Information,DC0064,Command Execution,291,291,True,True,True,exact_event_observed,3,BOTS | EVTX
T1176,Software Extensions,DC0032,Process Creation,333,333,True,True,True,exact_event_observed,3,BOTS | EVTX
T1176,Software Extensions,DC0039,File Creation,128,128,True,True,True,exact_event_observed,3,BOTS | EVTX
T1176,Software Extensions,DC0063,Windows Registry Key Modification,9,9,True,True,True,exact_event_observed,3,BOTS | EVTX
T1176,Software Extensions,DC0064,Command Execution,291,291,True,True,True,exact_event_observed,3,BOTS | EVTX
T1176,Software Extensions,DC0078,Network Traffic Flow,159,159,True,False,True,source_observed,2,BOTS | EVTX
T1176,Software Extensions,DC0082,Network Connection Creation,98,98,True,True,True,exact_event_observed,3,BOTS | EVTX
T1176.001,Browser Extensions,DC0032,Process Creation,333,333,True,True,True,exact_event_observed,3,BOTS | EVTX
T1176.001,Browser Extensions,DC0039,File Creation,128,128,True,True,True,exact_event_observed,3,BOTS | EVTX
T1176.001,Browser Extensions,DC0055,File Access,113,113,True,True,True,exact_event_observed,3,BOTS | EVTX
T1176.001,Browser Extensions,DC0063,Windows Registry Key Modification,9,9,True,True,True,exact_event_observed,3,BOTS | EVTX
T1176.001,Browser Extensions,DC0064,Command Execution,291,291,True,True,True,exact_event_observed,3,BOTS | EVTX
T1176.001,Browser Extensions,DC0082,Network Connection Creation,98,98,True,True,True,exact_event_observed,3,BOTS | EVTX
T1176.001,Browser Extensions,DC0085,Network Traffic Content,279,279,True,False,True,source_observed,2,BOTS | EVTX
T1176.002,IDE Extensions,DC0032,Process Creation,333,333,True,True,True,exact_event_observed,3,BOTS | EVTX
T1176.002,IDE Extensions,DC0039,File Creation,128,128,True,True,True,exact_event_observed,3,BOTS | EVTX
T1176.002,IDE Extensions,DC0078,Network Traffic Flow,159,159,True,False,True,source_observed,2,BOTS | EVTX
T1176.002,IDE Extensions,DC0082,Network Connection Creation,98,98,True,True,True,exact_event_observed,3,BOTS | EVTX
T1185,Browser Session Hijacking,DC0013,User Account Metadata,29,29,True,True,True,exact_event_observed,3,BOTS | EVTX
T1185,Browser Session Hijacking,DC0016,Module Load,45,45,True,True,True,exact_event_observed,3,BOTS | EVTX
T1185,Browser Session Hijacking,DC0020,Process Modification,19,19,True,True,True,exact_event_observed,3,BOTS | EVTX
T1185,Browser Session Hijacking,DC0035,Process Access,35,35,True,True,True,exact_event_observed,3,BOTS | EVTX
T1185,Browser Session Hijacking,DC0067,Logon Session Creation,67,67,True,True,True,exact_event_observed,3,BOTS | EVTX
T1185,Browser Session Hijacking,DC0082,Network Connection Creation,98,98,True,True,True,exact_event_observed,3,BOTS | EVTX
T1185,Browser Session Hijacking,DC0088,Logon Session Metadata,34,34,True,True,True,exact_event_observed,3,BOTS | EVTX
T1187,Forced Authentication,DC0039,File Creation,128,128,True,True,True,exact_event_observed,3,BOTS | EVTX
T1187,Forced Authentication,DC0061,File Modification,150,150,True,True,True,exact_event_observed,3,BOTS | EVTX
T1187,Forced Authentication,DC0078,Network Traffic Flow,159,159,True,False,True,source_observed,2,BOTS | EVTX
T1187,Forced Authentication,DC0085,Network Traffic Content,279,279,True,False,True,source_observed,2,BOTS | EVTX
T1189,Drive-by Compromise,DC0002,User Account Authentication,109,109,True,True,True,exact_event_observed,3,BOTS | EVTX
T1189,Drive-by Compromise,DC0013,User Account Metadata,29,29,True,True,True,exact_event_observed,3,BOTS | EVTX
T1189,Drive-by Compromise,DC0020,Process Modification,19,19,True,True,True,exact_event_observed,3,BOTS | EVTX
T1189,Drive-by Compromise,DC0032,Process Creation,333,333,True,True,True,exact_event_observed,3,BOTS | EVTX
T1189,Drive-by Compromise,DC0038,Application Log Content,229,229,True,True,True,exact_event_observed,3,BOTS | EVTX
T1189,Drive-by Compromise,DC0039,File Creation,128,128,True,True,True,exact_event_observed,3,BOTS | EVTX
T1189,Drive-by Compromise,DC0067,Logon Session Creation,67,67,True,True,True,exact_event_observed,3,BOTS | EVTX
T1189,Drive-by Compromise,DC0082,Network Connection Creation,98,98,True,True,True,exact_event_observed,3,BOTS | EVTX
T1189,Drive-by Compromise,DC0085,Network Traffic Content,279,279,True,False,True,source_observed,2,BOTS | EVTX
T1190,Exploit Public-Facing Application,DC0016,Module Load,45,45,True,True,True,exact_event_observed,3,BOTS | EVTX
T1190,Exploit Public-Facing Application,DC0032,Process Creation,333,333,True,True,True,exact_event_observed,3,BOTS | EVTX
T1190,Exploit Public-Facing Application,DC0038,Application Log Content,229,229,True,True,True,exact_event_observed,3,BOTS | EVTX
T1190,Exploit Public-Facing Application,DC0078,Network Traffic Flow,159,159,True,False,True,source_observed,2,BOTS | EVTX
T1190,Exploit Public-Facing Application,DC0082,Network Connection Creation,98,98,True,True,True,exact_event_observed,3,BOTS | EVTX
T1190,Exploit Public-Facing Application,DC0085,Network Traffic Content,279,279,True,False,True,source_observed,2,BOTS | EVTX
T1195,Supply Chain Compromise,DC0016,Module Load,45,45,True,True,True,exact_event_observed,3,BOTS | EVTX
T1195,Supply Chain Compromise,DC0020,Process Modification,19,19,True,True,True,exact_event_observed,3,BOTS | EVTX
T1195,Supply Chain Compromise,DC0032,Process Creation,333,333,True,True,True,exact_event_observed,3,BOTS | EVTX
T1195,Supply Chain Compromise,DC0039,File Creation,128,128,True,True,True,exact_event_observed,3,BOTS | EVTX
T1195,Supply Chain Compromise,DC0059,File Metadata,91,91,True,True,True,exact_event_observed,3,BOTS | EVTX
T1195,Supply Chain Compromise,DC0061,File Modification,150,150,True,True,True,exact_event_observed,3,BOTS | EVTX
T1195,Supply Chain Compromise,DC0078,Network Traffic Flow,159,159,True,False,True,source_observed,2,BOTS | EVTX
T1195.001,Compromise Software Dependencies and Development Tools,DC0016,Module Load,45,45,True,True,True,exact_event_observed,3,BOTS | EVTX
T1195.001,Compromise Software Dependencies and Development Tools,DC0020,Process Modification,19,19,True,True,True,exact_event_observed,3,BOTS | EVTX
T1195.001,Compromise Software Dependencies and Development Tools,DC0032,Process Creation,333,333,True,True,True,exact_event_observed,3,BOTS | EVTX
T1195.001,Compromise Software Dependencies and Development Tools,DC0039,File Creation,128,128,True,True,True,exact_event_observed,3,BOTS | EVTX
T1195.001,Compromise Software Dependencies and Development Tools,DC0059,File Metadata,91,91,True,True,True,exact_event_observed,3,BOTS | EVTX
T1195.001,Compromise Software Dependencies and Development Tools,DC0063,Windows Registry Key Modification,9,9,True,True,True,exact_event_observed,3,BOTS | EVTX
T1195.001,Compromise Software Dependencies and Development Tools,DC0078,Network Traffic Flow,159,159,True,False,True,source_observed,2,BOTS | EVTX
T1195.002,Compromise Software Supply Chain,DC0016,Module Load,45,45,True,True,True,exact_event_observed,3,BOTS | EVTX
T1195.002,Compromise Software Supply Chain,DC0032,Process Creation,333,333,True,True,True,exact_event_observed,3,BOTS | EVTX
T1195.002,Compromise Software Supply Chain,DC0039,File Creation,128,128,True,True,True,exact_event_observed,3,BOTS | EVTX
T1195.002,Compromise Software Supply Chain,DC0059,File Metadata,91,91,True,True,True,exact_event_observed,3,BOTS | EVTX
T1195.002,Compromise Software Supply Chain,DC0063,Windows Registry Key Modification,9,9,True,True,True,exact_event_observed,3,BOTS | EVTX
T1195.002,Compromise Software Supply Chain,DC0078,Network Traffic Flow,159,159,True,False,True,source_observed,2,BOTS | EVTX
T1195.002,Compromise Software Supply Chain,DC0079,Driver Load,3,3,True,True,True,exact_event_observed,3,BOTS | EVTX
T1195.002,Compromise Software Supply Chain,DC0082,Network Connection Creation,98,98,True,True,True,exact_event_observed,3,BOTS | EVTX
T1195.003,Compromise Hardware Supply Chain,DC0016,Module Load,45,45,True,True,True,exact_event_observed,3,BOTS | EVTX
T1195.003,Compromise Hardware Supply Chain,DC0018,Host Status,50,50,True,True,True,exact_event_observed,3,BOTS | EVTX
T1195.003,Compromise Hardware Supply Chain,DC0035,Process Access,35,35,True,True,True,exact_event_observed,3,BOTS | EVTX
T1195.003,Compromise Hardware Supply Chain,DC0059,File Metadata,91,91,True,True,True,exact_event_observed,3,BOTS | EVTX
T1195.003,Compromise Hardware Supply Chain,DC0079,Driver Load,3,3,True,True,True,exact_event_observed,3,BOTS | EVTX
T1197,BITS Jobs,DC0032,Process Creation,333,333,True,True,True,exact_event_observed,3,BOTS | EVTX
T1197,BITS Jobs,DC0060,Service Creation,15,15,True,True,True,exact_event_observed,3,BOTS | EVTX
T1197,BITS Jobs,DC0064,Command Execution,291,291,True,True,True,exact_event_observed,3,BOTS | EVTX
T1197,BITS Jobs,DC0082,Network Connection Creation,98,98,True,True,True,exact_event_observed,3,BOTS | EVTX
T1199,Trusted Relationship,DC0038,Application Log Content,229,229,True,True,True,exact_event_observed,3,BOTS | EVTX
T1199,Trusted Relationship,DC0067,Logon Session Creation,67,67,True,True,True,exact_event_observed,3,BOTS | EVTX
T1199,Trusted Relationship,DC0082,Network Connection Creation,98,98,True,True,True,exact_event_observed,3,BOTS | EVTX
T1199,Trusted Relationship,DC0085,Network Traffic Content,279,279,True,False,True,source_observed,2,BOTS | EVTX
T1199,Trusted Relationship,DC0088,Logon Session Metadata,34,34,True,True,True,exact_event_observed,3,BOTS | EVTX
T1200,Hardware Additions,DC0016,Module Load,45,45,True,True,True,exact_event_observed,3,BOTS | EVTX
T1200,Hardware Additions,DC0032,Process Creation,333,333,True,True,True,exact_event_observed,3,BOTS | EVTX
T1200,Hardware Additions,DC0038,Application Log Content,229,229,True,True,True,exact_event_observed,3,BOTS | EVTX
T1200,Hardware Additions,DC0039,File Creation,128,128,True,True,True,exact_event_observed,3,BOTS | EVTX
T1200,Hardware Additions,DC0042,Drive Creation,22,22,True,False,True,source_observed,2,BOTS | EVTX
T1200,Hardware Additions,DC0078,Network Traffic Flow,159,159,True,False,True,source_observed,2,BOTS | EVTX
T1200,Hardware Additions,DC0079,Driver Load,3,3,True,True,True,exact_event_observed,3,BOTS | EVTX
T1200,Hardware Additions,DC0082,Network Connection Creation,98,98,True,True,True,exact_event_observed,3,BOTS | EVTX
T1201,Password Policy Discovery,DC0013,User Account Metadata,29,29,True,True,True,exact_event_observed,3,BOTS | EVTX
T1201,Password Policy Discovery,DC0032,Process Creation,333,333,True,True,True,exact_event_observed,3,BOTS | EVTX
T1201,Password Policy Discovery,DC0064,Command Execution,291,291,True,True,True,exact_event_observed,3,BOTS | EVTX
T1201,Password Policy Discovery,DC0071,Active Directory Object Access,2,2,True,True,True,exact_event_observed,3,BOTS | EVTX
T1202,Indirect Command Execution,DC0032,Process Creation,333,333,True,True,True,exact_event_observed,3,BOTS | EVTX
T1202,Indirect Command Execution,DC0039,File Creation,128,128,True,True,True,exact_event_observed,3,BOTS | EVTX
T1202,Indirect Command Execution,DC0082,Network Connection Creation,98,98,True,True,True,exact_event_observed,3,BOTS | EVTX
T1203,Exploitation for Client Execution,DC0032,Process Creation,333,333,True,True,True,exact_event_observed,3,BOTS | EVTX
T1203,Exploitation for Client Execution,DC0038,Application Log Content,229,229,True,True,True,exact_event_observed,3,BOTS | EVTX
T1203,Exploitation for Client Execution,DC0039,File Creation,128,128,True,True,True,exact_event_observed,3,BOTS | EVTX
T1203,Exploitation for Client Execution,DC0055,File Access,113,113,True,True,True,exact_event_observed,3,BOTS | EVTX
T1203,Exploitation for Client Execution,DC0061,File Modification,150,150,True,True,True,exact_event_observed,3,BOTS | EVTX
T1203,Exploitation for Client Execution,DC0078,Network Traffic Flow,159,159,True,False,True,source_observed,2,BOTS | EVTX
T1203,Exploitation for Client Execution,DC0082,Network Connection Creation,98,98,True,True,True,exact_event_observed,3,BOTS | EVTX
T1204,User Execution,DC0032,Process Creation,333,333,True,True,True,exact_event_observed,3,BOTS | EVTX
T1204,User Execution,DC0038,Application Log Content,229,229,True,True,True,exact_event_observed,3,BOTS | EVTX
T1204,User Execution,DC0039,File Creation,128,128,True,True,True,exact_event_observed,3,BOTS | EVTX
T1204,User Execution,DC0055,File Access,113,113,True,True,True,exact_event_observed,3,BOTS | EVTX
T1204,User Execution,DC0061,File Modification,150,150,True,True,True,exact_event_observed,3,BOTS | EVTX
T1204,User Execution,DC0072,Container Creation,8,8,False,False,False,not_observed,0,
T1204,User Execution,DC0076,Instance Creation,5,5,False,False,True,source_observed,2,BOTS
T1204,User Execution,DC0077,Container Start,4,4,False,False,False,not_observed,0,
T1204,User Execution,DC0080,Instance Start,2,2,False,False,True,source_observed,2,BOTS
T1204,User Execution,DC0082,Network Connection Creation,98,98,True,True,True,exact_event_observed,3,BOTS | EVTX
T1204,User Execution,DC0085,Network Traffic Content,279,279,True,False,True,source_observed,2,BOTS | EVTX
T1204.001,Malicious Link,DC0032,Process Creation,333,333,True,True,True,exact_event_observed,3,BOTS | EVTX
T1204.001,Malicious Link,DC0039,File Creation,128,128,True,True,True,exact_event_observed,3,BOTS | EVTX
T1204.001,Malicious Link,DC0082,Network Connection Creation,98,98,True,True,True,exact_event_observed,3,BOTS | EVTX
T1204.001,Malicious Link,DC0085,Network Traffic Content,279,279,True,False,True,source_observed,2,BOTS | EVTX
T1204.002,Malicious File,DC0032,Process Creation,333,333,True,True,True,exact_event_observed,3,BOTS | EVTX
T1204.002,Malicious File,DC0039,File Creation,128,128,True,True,True,exact_event_observed,3,BOTS | EVTX
T1204.002,Malicious File,DC0059,File Metadata,91,91,True,True,True,exact_event_observed,3,BOTS | EVTX
T1204.003,Malicious Image,DC0015,Image Creation,6,6,False,False,True,source_observed,2,BOTS
T1204.003,Malicious Image,DC0032,Process Creation,333,333,True,True,True,exact_event_observed,3,BOTS | EVTX
T1204.003,Malicious Image,DC0064,Command Execution,291,291,True,True,True,exact_event_observed,3,BOTS | EVTX
T1204.003,Malicious Image,DC0072,Container Creation,8,8,False,False,False,not_observed,0,
T1204.003,Malicious Image,DC0076,Instance Creation,5,5,False,False,True,source_observed,2,BOTS
T1204.003,Malicious Image,DC0077,Container Start,4,4,False,False,False,not_observed,0,
T1204.003,Malicious Image,DC0080,Instance Start,2,2,False,False,True,source_observed,2,BOTS
T1204.003,Malicious Image,DC0085,Network Traffic Content,279,279,True,False,True,source_observed,2,BOTS | EVTX
T1204.004,Malicious Copy and Paste,DC0032,Process Creation,333,333,True,True,True,exact_event_observed,3,BOTS | EVTX
T1204.004,Malicious Copy and Paste,DC0039,File Creation,128,128,True,True,True,exact_event_observed,3,BOTS | EVTX
T1204.004,Malicious Copy and Paste,DC0064,Command Execution,291,291,True,True,True,exact_event_observed,3,BOTS | EVTX
T1204.004,Malicious Copy and Paste,DC0082,Network Connection Creation,98,98,True,True,True,exact_event_observed,3,BOTS | EVTX
T1204.004,Malicious Copy and Paste,DC0085,Network Traffic Content,279,279,True,False,True,source_observed,2,BOTS | EVTX
T1204.005,Malicious Library,DC0032,Process Creation,333,333,True,True,True,exact_event_observed,3,BOTS | EVTX
T1204.005,Malicious Library,DC0039,File Creation,128,128,True,True,True,exact_event_observed,3,BOTS | EVTX
T1204.005,Malicious Library,DC0059,File Metadata,91,91,True,True,True,exact_event_observed,3,BOTS | EVTX
T1204.005,Malicious Library,DC0082,Network Connection Creation,98,98,True,True,True,exact_event_observed,3,BOTS | EVTX
T1204.005,Malicious Library,DC0085,Network Traffic Content,279,279,True,False,True,source_observed,2,BOTS | EVTX
T1205,Traffic Signaling,DC0032,Process Creation,333,333,True,True,True,exact_event_observed,3,BOTS | EVTX
T1205,Traffic Signaling,DC0064,Command Execution,291,291,True,True,True,exact_event_observed,3,BOTS | EVTX
T1205,Traffic Signaling,DC0078,Network Traffic Flow,159,159,True,False,True,source_observed,2,BOTS | EVTX
T1205,Traffic Signaling,DC0082,Network Connection Creation,98,98,True,True,True,exact_event_observed,3,BOTS | EVTX
T1205,Traffic Signaling,DC0085,Network Traffic Content,279,279,True,False,True,source_observed,2,BOTS | EVTX
T1205.001,Port Knocking,DC0032,Process Creation,333,333,True,True,True,exact_event_observed,3,BOTS | EVTX
T1205.001,Port Knocking,DC0078,Network Traffic Flow,159,159,True,False,True,source_observed,2,BOTS | EVTX
T1205.001,Port Knocking,DC0082,Network Connection Creation,98,98,True,True,True,exact_event_observed,3,BOTS | EVTX
T1205.002,Socket Filters,DC0016,Module Load,45,45,True,True,True,exact_event_observed,3,BOTS | EVTX
T1205.002,Socket Filters,DC0032,Process Creation,333,333,True,True,True,exact_event_observed,3,BOTS | EVTX
T1205.002,Socket Filters,DC0060,Service Creation,15,15,True,True,True,exact_event_observed,3,BOTS | EVTX
T1205.002,Socket Filters,DC0079,Driver Load,3,3,True,True,True,exact_event_observed,3,BOTS | EVTX
T1205.002,Socket Filters,DC0082,Network Connection Creation,98,98,True,True,True,exact_event_observed,3,BOTS | EVTX
T1205.002,Socket Filters,DC0085,Network Traffic Content,279,279,True,False,True,source_observed,2,BOTS | EVTX
T1207,Rogue Domain Controller,DC0066,Active Directory Object Modification,11,11,True,True,True,exact_event_observed,3,BOTS | EVTX
T1207,Rogue Domain Controller,DC0071,Active Directory Object Access,2,2,True,True,True,exact_event_observed,3,BOTS | EVTX
T1207,Rogue Domain Controller,DC0084,Active Directory Credential Request,5,5,True,True,True,exact_event_observed,3,BOTS | EVTX
T1207,Rogue Domain Controller,DC0085,Network Traffic Content,279,279,True,False,True,source_observed,2,BOTS | EVTX
T1207,Rogue Domain Controller,DC0087,Active Directory Object Creation,4,4,True,False,True,source_observed,2,BOTS | EVTX
T1210,Exploitation of Remote Services,DC0016,Module Load,45,45,True,True,True,exact_event_observed,3,BOTS | EVTX
T1210,Exploitation of Remote Services,DC0032,Process Creation,333,333,True,True,True,exact_event_observed,3,BOTS | EVTX
T1210,Exploitation of Remote Services,DC0035,Process Access,35,35,True,True,True,exact_event_observed,3,BOTS | EVTX
T1210,Exploitation of Remote Services,DC0038,Application Log Content,229,229,True,True,True,exact_event_observed,3,BOTS | EVTX
T1210,Exploitation of Remote Services,DC0039,File Creation,128,128,True,True,True,exact_event_observed,3,BOTS | EVTX
T1210,Exploitation of Remote Services,DC0082,Network Connection Creation,98,98,True,True,True,exact_event_observed,3,BOTS | EVTX
T1210,Exploitation of Remote Services,DC0085,Network Traffic Content,279,279,True,False,True,source_observed,2,BOTS | EVTX
T1211,Exploitation for Stealth,DC0016,Module Load,45,45,True,True,True,exact_event_observed,3,BOTS | EVTX
T1211,Exploitation for Stealth,DC0032,Process Creation,333,333,True,True,True,exact_event_observed,3,BOTS | EVTX
T1211,Exploitation for Stealth,DC0038,Application Log Content,229,229,True,True,True,exact_event_observed,3,BOTS | EVTX
T1212,Exploitation for Credential Access,DC0002,User Account Authentication,109,109,True,True,True,exact_event_observed,3,BOTS | EVTX
T1212,Exploitation for Credential Access,DC0032,Process Creation,333,333,True,True,True,exact_event_observed,3,BOTS | EVTX
T1212,Exploitation for Credential Access,DC0035,Process Access,35,35,True,True,True,exact_event_observed,3,BOTS | EVTX
T1212,Exploitation for Credential Access,DC0038,Application Log Content,229,229,True,True,True,exact_event_observed,3,BOTS | EVTX
T1213,Data from Information Repositories,DC0025,Cloud Storage Access,8,8,False,False,True,source_observed,2,BOTS
T1213,Data from Information Repositories,DC0032,Process Creation,333,333,True,True,True,exact_event_observed,3,BOTS | EVTX
T1213,Data from Information Repositories,DC0038,Application Log Content,229,229,True,True,True,exact_event_observed,3,BOTS | EVTX
T1213,Data from Information Repositories,DC0055,File Access,113,113,True,True,True,exact_event_observed,3,BOTS | EVTX
T1213,Data from Information Repositories,DC0064,Command Execution,291,291,True,True,True,exact_event_observed,3,BOTS | EVTX
T1213,Data from Information Repositories,DC0069,Cloud Service Modification,31,31,False,False,True,source_observed,2,BOTS
T1213,Data from Information Repositories,DC0082,Network Connection Creation,98,98,True,True,True,exact_event_observed,3,BOTS | EVTX
T1213,Data from Information Repositories,DC0102,Network Share Access,7,7,True,True,True,exact_event_observed,3,BOTS | EVTX
T1213.001,Confluence,DC0038,Application Log Content,229,229,True,True,True,exact_event_observed,3,BOTS | EVTX
T1213.001,Confluence,DC0067,Logon Session Creation,67,67,True,True,True,exact_event_observed,3,BOTS | EVTX
T1213.001,Confluence,DC0085,Network Traffic Content,279,279,True,False,True,source_observed,2,BOTS | EVTX
T1213.002,Sharepoint,DC0038,Application Log Content,229,229,True,True,True,exact_event_observed,3,BOTS | EVTX
T1213.002,Sharepoint,DC0067,Logon Session Creation,67,67,True,True,True,exact_event_observed,3,BOTS | EVTX
T1213.002,Sharepoint,DC0070,Cloud Service Metadata,10,10,False,False,True,source_observed,2,BOTS
T1213.003,Code Repositories,DC0038,Application Log Content,229,229,True,True,True,exact_event_observed,3,BOTS | EVTX
T1213.003,Code Repositories,DC0067,Logon Session Creation,67,67,True,True,True,exact_event_observed,3,BOTS | EVTX
T1213.003,Code Repositories,DC0070,Cloud Service Metadata,10,10,False,False,True,source_observed,2,BOTS
T1213.004,Customer Relationship Management Software,DC0038,Application Log Content,229,229,True,True,True,exact_event_observed,3,BOTS | EVTX
T1213.004,Customer Relationship Management Software,DC0067,Logon Session Creation,67,67,True,True,True,exact_event_observed,3,BOTS | EVTX
T1213.005,Messaging Applications,DC0038,Application Log Content,229,229,True,True,True,exact_event_observed,3,BOTS | EVTX
T1213.005,Messaging Applications,DC0067,Logon Session Creation,67,67,True,True,True,exact_event_observed,3,BOTS | EVTX
T1213.006,Databases,DC0025,Cloud Storage Access,8,8,False,False,True,source_observed,2,BOTS
T1213.006,Databases,DC0032,Process Creation,333,333,True,True,True,exact_event_observed,3,BOTS | EVTX
T1213.006,Databases,DC0038,Application Log Content,229,229,True,True,True,exact_event_observed,3,BOTS | EVTX
T1213.006,Databases,DC0039,File Creation,128,128,True,True,True,exact_event_observed,3,BOTS | EVTX
T1213.006,Databases,DC0055,File Access,113,113,True,True,True,exact_event_observed,3,BOTS | EVTX
T1213.006,Databases,DC0070,Cloud Service Metadata,10,10,False,False,True,source_observed,2,BOTS
T1213.006,Databases,DC0082,Network Connection Creation,98,98,True,True,True,exact_event_observed,3,BOTS | EVTX
T1213.006,Databases,DC0085,Network Traffic Content,279,279,True,False,True,source_observed,2,BOTS | EVTX
T1216,System Script Proxy Execution,DC0016,Module Load,45,45,True,True,True,exact_event_observed,3,BOTS | EVTX
T1216,System Script Proxy Execution,DC0032,Process Creation,333,333,True,True,True,exact_event_observed,3,BOTS | EVTX
T1216,System Script Proxy Execution,DC0035,Process Access,35,35,True,True,True,exact_event_observed,3,BOTS | EVTX
T1216,System Script Proxy Execution,DC0039,File Creation,128,128,True,True,True,exact_event_observed,3,BOTS | EVTX
T1216,System Script Proxy Execution,DC0064,Command Execution,291,291,True,True,True,exact_event_observed,3,BOTS | EVTX
T1216.001,PubPrn,DC0016,Module Load,45,45,True,True,True,exact_event_observed,3,BOTS | EVTX
T1216.001,PubPrn,DC0032,Process Creation,333,333,True,True,True,exact_event_observed,3,BOTS | EVTX
T1216.001,PubPrn,DC0064,Command Execution,291,291,True,True,True,exact_event_observed,3,BOTS | EVTX
T1216.001,PubPrn,DC0082,Network Connection Creation,98,98,True,True,True,exact_event_observed,3,BOTS | EVTX
T1216.002,SyncAppvPublishingServer,DC0016,Module Load,45,45,True,True,True,exact_event_observed,3,BOTS | EVTX
T1216.002,SyncAppvPublishingServer,DC0032,Process Creation,333,333,True,True,True,exact_event_observed,3,BOTS | EVTX
T1216.002,SyncAppvPublishingServer,DC0035,Process Access,35,35,True,True,True,exact_event_observed,3,BOTS | EVTX
T1216.002,SyncAppvPublishingServer,DC0064,Command Execution,291,291,True,True,True,exact_event_observed,3,BOTS | EVTX
T1217,Browser Information Discovery,DC0032,Process Creation,333,333,True,True,True,exact_event_observed,3,BOTS | EVTX
T1217,Browser Information Discovery,DC0039,File Creation,128,128,True,True,True,exact_event_observed,3,BOTS | EVTX
T1217,Browser Information Discovery,DC0055,File Access,113,113,True,True,True,exact_event_observed,3,BOTS | EVTX
T1217,Browser Information Discovery,DC0064,Command Execution,291,291,True,True,True,exact_event_observed,3,BOTS | EVTX
T1218,System Binary Proxy Execution,DC0016,Module Load,45,45,True,True,True,exact_event_observed,3,BOTS | EVTX
T1218,System Binary Proxy Execution,DC0032,Process Creation,333,333,True,True,True,exact_event_observed,3,BOTS | EVTX
T1218,System Binary Proxy Execution,DC0082,Network Connection Creation,98,98,True,True,True,exact_event_observed,3,BOTS | EVTX
T1218.001,Compiled HTML File,DC0016,Module Load,45,45,True,True,True,exact_event_observed,3,BOTS | EVTX
T1218.001,Compiled HTML File,DC0032,Process Creation,333,333,True,True,True,exact_event_observed,3,BOTS | EVTX
T1218.001,Compiled HTML File,DC0039,File Creation,128,128,True,True,True,exact_event_observed,3,BOTS | EVTX
T1218.001,Compiled HTML File,DC0082,Network Connection Creation,98,98,True,True,True,exact_event_observed,3,BOTS | EVTX
T1218.002,Control Panel,DC0016,Module Load,45,45,True,True,True,exact_event_observed,3,BOTS | EVTX
T1218.002,Control Panel,DC0032,Process Creation,333,333,True,True,True,exact_event_observed,3,BOTS | EVTX
T1218.002,Control Panel,DC0039,File Creation,128,128,True,True,True,exact_event_observed,3,BOTS | EVTX
T1218.002,Control Panel,DC0056,Windows Registry Key Creation,1,1,True,True,True,exact_event_observed,3,BOTS | EVTX
T1218.003,CMSTP,DC0032,Process Creation,333,333,True,True,True,exact_event_observed,3,BOTS | EVTX
T1218.003,CMSTP,DC0035,Process Access,35,35,True,True,True,exact_event_observed,3,BOTS | EVTX
T1218.003,CMSTP,DC0039,File Creation,128,128,True,True,True,exact_event_observed,3,BOTS | EVTX
T1218.003,CMSTP,DC0056,Windows Registry Key Creation,1,1,True,True,True,exact_event_observed,3,BOTS | EVTX
T1218.003,CMSTP,DC0063,Windows Registry Key Modification,9,9,True,True,True,exact_event_observed,3,BOTS | EVTX
T1218.003,CMSTP,DC0064,Command Execution,291,291,True,True,True,exact_event_observed,3,BOTS | EVTX
T1218.003,CMSTP,DC0082,Network Connection Creation,98,98,True,True,True,exact_event_observed,3,BOTS | EVTX
T1218.004,InstallUtil,DC0016,Module Load,45,45,True,True,True,exact_event_observed,3,BOTS | EVTX
T1218.004,InstallUtil,DC0032,Process Creation,333,333,True,True,True,exact_event_observed,3,BOTS | EVTX
T1218.004,InstallUtil,DC0039,File Creation,128,128,True,True,True,exact_event_observed,3,BOTS | EVTX
T1218.004,InstallUtil,DC0064,Command Execution,291,291,True,True,True,exact_event_observed,3,BOTS | EVTX
T1218.005,Mshta,DC0032,Process Creation,333,333,True,True,True,exact_event_observed,3,BOTS | EVTX
T1218.005,Mshta,DC0039,File Creation,128,128,True,True,True,exact_event_observed,3,BOTS | EVTX
T1218.005,Mshta,DC0082,Network Connection Creation,98,98,True,True,True,exact_event_observed,3,BOTS | EVTX
T1218.007,Msiexec,DC0016,Module Load,45,45,True,True,True,exact_event_observed,3,BOTS | EVTX
T1218.007,Msiexec,DC0032,Process Creation,333,333,True,True,True,exact_event_observed,3,BOTS | EVTX
T1218.007,Msiexec,DC0082,Network Connection Creation,98,98,True,True,True,exact_event_observed,3,BOTS | EVTX
T1218.008,Odbcconf,DC0016,Module Load,45,45,True,True,True,exact_event_observed,3,BOTS | EVTX
T1218.008,Odbcconf,DC0032,Process Creation,333,333,True,True,True,exact_event_observed,3,BOTS | EVTX
T1218.008,Odbcconf,DC0082,Network Connection Creation,98,98,True,True,True,exact_event_observed,3,BOTS | EVTX
T1218.009,Regsvcs/Regasm,DC0016,Module Load,45,45,True,True,True,exact_event_observed,3,BOTS | EVTX
T1218.009,Regsvcs/Regasm,DC0032,Process Creation,333,333,True,True,True,exact_event_observed,3,BOTS | EVTX
T1218.009,Regsvcs/Regasm,DC0039,File Creation,128,128,True,True,True,exact_event_observed,3,BOTS | EVTX
T1218.009,Regsvcs/Regasm,DC0056,Windows Registry Key Creation,1,1,True,True,True,exact_event_observed,3,BOTS | EVTX
T1218.009,Regsvcs/Regasm,DC0063,Windows Registry Key Modification,9,9,True,True,True,exact_event_observed,3,BOTS | EVTX
T1218.009,Regsvcs/Regasm,DC0064,Command Execution,291,291,True,True,True,exact_event_observed,3,BOTS | EVTX
T1218.009,Regsvcs/Regasm,DC0082,Network Connection Creation,98,98,True,True,True,exact_event_observed,3,BOTS | EVTX
T1218.010,Regsvr32,DC0016,Module Load,45,45,True,True,True,exact_event_observed,3,BOTS | EVTX
T1218.010,Regsvr32,DC0032,Process Creation,333,333,True,True,True,exact_event_observed,3,BOTS | EVTX
T1218.010,Regsvr32,DC0082,Network Connection Creation,98,98,True,True,True,exact_event_observed,3,BOTS | EVTX
T1218.011,Rundll32,DC0016,Module Load,45,45,True,True,True,exact_event_observed,3,BOTS | EVTX
T1218.011,Rundll32,DC0032,Process Creation,333,333,True,True,True,exact_event_observed,3,BOTS | EVTX
T1218.011,Rundll32,DC0039,File Creation,128,128,True,True,True,exact_event_observed,3,BOTS | EVTX
T1218.011,Rundll32,DC0082,Network Connection Creation,98,98,True,True,True,exact_event_observed,3,BOTS | EVTX
T1218.012,Verclsid,DC0016,Module Load,45,45,True,True,True,exact_event_observed,3,BOTS | EVTX
T1218.012,Verclsid,DC0032,Process Creation,333,333,True,True,True,exact_event_observed,3,BOTS | EVTX
T1218.012,Verclsid,DC0063,Windows Registry Key Modification,9,9,True,True,True,exact_event_observed,3,BOTS | EVTX
T1218.012,Verclsid,DC0082,Network Connection Creation,98,98,True,True,True,exact_event_observed,3,BOTS | EVTX
T1218.013,Mavinject,DC0016,Module Load,45,45,True,True,True,exact_event_observed,3,BOTS | EVTX
T1218.013,Mavinject,DC0032,Process Creation,333,333,True,True,True,exact_event_observed,3,BOTS | EVTX
T1218.013,Mavinject,DC0035,Process Access,35,35,True,True,True,exact_event_observed,3,BOTS | EVTX
T1218.013,Mavinject,DC0039,File Creation,128,128,True,True,True,exact_event_observed,3,BOTS | EVTX
T1218.013,Mavinject,DC0064,Command Execution,291,291,True,True,True,exact_event_observed,3,BOTS | EVTX
T1218.013,Mavinject,DC0082,Network Connection Creation,98,98,True,True,True,exact_event_observed,3,BOTS | EVTX
T1218.014,MMC,DC0016,Module Load,45,45,True,True,True,exact_event_observed,3,BOTS | EVTX
T1218.014,MMC,DC0021,OS API Execution,170,170,True,True,True,exact_event_observed,3,BOTS | EVTX
T1218.014,MMC,DC0032,Process Creation,333,333,True,True,True,exact_event_observed,3,BOTS | EVTX
T1218.014,MMC,DC0039,File Creation,128,128,True,True,True,exact_event_observed,3,BOTS | EVTX
T1218.014,MMC,DC0056,Windows Registry Key Creation,1,1,True,True,True,exact_event_observed,3,BOTS | EVTX
T1218.014,MMC,DC0063,Windows Registry Key Modification,9,9,True,True,True,exact_event_observed,3,BOTS | EVTX
T1218.014,MMC,DC0064,Command Execution,291,291,True,True,True,exact_event_observed,3,BOTS | EVTX
T1218.014,MMC,DC0082,Network Connection Creation,98,98,True,True,True,exact_event_observed,3,BOTS | EVTX
T1218.015,Electron Applications,DC0016,Module Load,45,45,True,True,True,exact_event_observed,3,BOTS | EVTX
T1218.015,Electron Applications,DC0032,Process Creation,333,333,True,True,True,exact_event_observed,3,BOTS | EVTX
T1218.015,Electron Applications,DC0039,File Creation,128,128,True,True,True,exact_event_observed,3,BOTS | EVTX
T1218.015,Electron Applications,DC0082,Network Connection Creation,98,98,True,True,True,exact_event_observed,3,BOTS | EVTX
T1219,Remote Access Tools,DC0032,Process Creation,333,333,True,True,True,exact_event_observed,3,BOTS | EVTX
T1219,Remote Access Tools,DC0039,File Creation,128,128,True,True,True,exact_event_observed,3,BOTS | EVTX
T1219,Remote Access Tools,DC0056,Windows Registry Key Creation,1,1,True,True,True,exact_event_observed,3,BOTS | EVTX
T1219,Remote Access Tools,DC0060,Service Creation,15,15,True,True,True,exact_event_observed,3,BOTS | EVTX
T1219,Remote Access Tools,DC0063,Windows Registry Key Modification,9,9,True,True,True,exact_event_observed,3,BOTS | EVTX
T1219,Remote Access Tools,DC0082,Network Connection Creation,98,98,True,True,True,exact_event_observed,3,BOTS | EVTX
T1219.001,IDE Tunneling,DC0032,Process Creation,333,333,True,True,True,exact_event_observed,3,BOTS | EVTX
T1219.001,IDE Tunneling,DC0039,File Creation,128,128,True,True,True,exact_event_observed,3,BOTS | EVTX
T1219.001,IDE Tunneling,DC0082,Network Connection Creation,98,98,True,True,True,exact_event_observed,3,BOTS | EVTX
T1219.002,Remote Desktop Software,DC0032,Process Creation,333,333,True,True,True,exact_event_observed,3,BOTS | EVTX
T1219.002,Remote Desktop Software,DC0039,File Creation,128,128,True,True,True,exact_event_observed,3,BOTS | EVTX
T1219.002,Remote Desktop Software,DC0051,Firewall Rule Modification,14,14,False,False,True,source_observed,2,BOTS | EVTX
T1219.002,Remote Desktop Software,DC0082,Network Connection Creation,98,98,True,True,True,exact_event_observed,3,BOTS | EVTX
T1219.003,Remote Access Hardware,DC0042,Drive Creation,22,22,True,False,True,source_observed,2,BOTS | EVTX
T1220,XSL Script Processing,DC0016,Module Load,45,45,True,True,True,exact_event_observed,3,BOTS | EVTX
T1220,XSL Script Processing,DC0032,Process Creation,333,333,True,True,True,exact_event_observed,3,BOTS | EVTX
T1221,Template Injection,DC0032,Process Creation,333,333,True,True,True,exact_event_observed,3,BOTS | EVTX
T1221,Template Injection,DC0082,Network Connection Creation,98,98,True,True,True,exact_event_observed,3,BOTS | EVTX
T1222,File and Directory Permissions Modification,DC0032,Process Creation,333,333,True,True,True,exact_event_observed,3,BOTS | EVTX
T1222,File and Directory Permissions Modification,DC0039,File Creation,128,128,True,True,True,exact_event_observed,3,BOTS | EVTX
T1222,File and Directory Permissions Modification,DC0059,File Metadata,91,91,True,True,True,exact_event_observed,3,BOTS | EVTX
T1222,File and Directory Permissions Modification,DC0064,Command Execution,291,291,True,True,True,exact_event_observed,3,BOTS | EVTX
T1222,File and Directory Permissions Modification,DC0066,Active Directory Object Modification,11,11,True,True,True,exact_event_observed,3,BOTS | EVTX
T1222.001,Windows Permissions,DC0008,WMI Creation,3,3,True,False,True,source_observed,2,BOTS | EVTX
T1222.001,Windows Permissions,DC0032,Process Creation,333,333,True,True,True,exact_event_observed,3,BOTS | EVTX
T1222.001,Windows Permissions,DC0039,File Creation,128,128,True,True,True,exact_event_observed,3,BOTS | EVTX
T1222.001,Windows Permissions,DC0059,File Metadata,91,91,True,True,True,exact_event_observed,3,BOTS | EVTX
T1222.001,Windows Permissions,DC0064,Command Execution,291,291,True,True,True,exact_event_observed,3,BOTS | EVTX
T1222.001,Windows Permissions,DC0066,Active Directory Object Modification,11,11,True,True,True,exact_event_observed,3,BOTS | EVTX
T1222.002,Linux and Mac Permissions,DC0032,Process Creation,333,333,True,True,True,exact_event_observed,3,BOTS | EVTX
T1222.002,Linux and Mac Permissions,DC0059,File Metadata,91,91,True,True,True,exact_event_observed,3,BOTS | EVTX
T1222.002,Linux and Mac Permissions,DC0061,File Modification,150,150,True,True,True,exact_event_observed,3,BOTS | EVTX
T1222.002,Linux and Mac Permissions,DC0064,Command Execution,291,291,True,True,True,exact_event_observed,3,BOTS | EVTX
T1480,Execution Guardrails,DC0002,User Account Authentication,109,109,True,True,True,exact_event_observed,3,BOTS | EVTX
T1480,Execution Guardrails,DC0008,WMI Creation,3,3,True,False,True,source_observed,2,BOTS | EVTX
T1480,Execution Guardrails,DC0016,Module Load,45,45,True,True,True,exact_event_observed,3,BOTS | EVTX
T1480,Execution Guardrails,DC0020,Process Modification,19,19,True,True,True,exact_event_observed,3,BOTS | EVTX
T1480,Execution Guardrails,DC0032,Process Creation,333,333,True,True,True,exact_event_observed,3,BOTS | EVTX
T1480,Execution Guardrails,DC0039,File Creation,128,128,True,True,True,exact_event_observed,3,BOTS | EVTX
T1480,Execution Guardrails,DC0055,File Access,113,113,True,True,True,exact_event_observed,3,BOTS | EVTX
T1480,Execution Guardrails,DC0063,Windows Registry Key Modification,9,9,True,True,True,exact_event_observed,3,BOTS | EVTX
T1480,Execution Guardrails,DC0064,Command Execution,291,291,True,True,True,exact_event_observed,3,BOTS | EVTX
T1480,Execution Guardrails,DC0067,Logon Session Creation,67,67,True,True,True,exact_event_observed,3,BOTS | EVTX
T1480,Execution Guardrails,DC0082,Network Connection Creation,98,98,True,True,True,exact_event_observed,3,BOTS | EVTX
T1480.001,Environmental Keying,DC0008,WMI Creation,3,3,True,False,True,source_observed,2,BOTS | EVTX
T1480.001,Environmental Keying,DC0016,Module Load,45,45,True,True,True,exact_event_observed,3,BOTS | EVTX
T1480.001,Environmental Keying,DC0032,Process Creation,333,333,True,True,True,exact_event_observed,3,BOTS | EVTX
T1480.001,Environmental Keying,DC0035,Process Access,35,35,True,True,True,exact_event_observed,3,BOTS | EVTX
T1480.001,Environmental Keying,DC0055,File Access,113,113,True,True,True,exact_event_observed,3,BOTS | EVTX
T1480.001,Environmental Keying,DC0064,Command Execution,291,291,True,True,True,exact_event_observed,3,BOTS | EVTX
T1480.001,Environmental Keying,DC0067,Logon Session Creation,67,67,True,True,True,exact_event_observed,3,BOTS | EVTX
T1480.001,Environmental Keying,DC0082,Network Connection Creation,98,98,True,True,True,exact_event_observed,3,BOTS | EVTX
T1480.002,Mutual Exclusion,DC0021,OS API Execution,170,170,True,True,True,exact_event_observed,3,BOTS | EVTX
T1480.002,Mutual Exclusion,DC0032,Process Creation,333,333,True,True,True,exact_event_observed,3,BOTS | EVTX
T1480.002,Mutual Exclusion,DC0033,Process Termination,13,13,True,True,True,exact_event_observed,3,BOTS | EVTX
T1480.002,Mutual Exclusion,DC0039,File Creation,128,128,True,True,True,exact_event_observed,3,BOTS | EVTX
T1480.002,Mutual Exclusion,DC0055,File Access,113,113,True,True,True,exact_event_observed,3,BOTS | EVTX
T1482,Domain Trust Discovery,DC0016,Module Load,45,45,True,True,True,exact_event_observed,3,BOTS | EVTX
T1482,Domain Trust Discovery,DC0032,Process Creation,333,333,True,True,True,exact_event_observed,3,BOTS | EVTX
T1482,Domain Trust Discovery,DC0035,Process Access,35,35,True,True,True,exact_event_observed,3,BOTS | EVTX
T1482,Domain Trust Discovery,DC0064,Command Execution,291,291,True,True,True,exact_event_observed,3,BOTS | EVTX
T1482,Domain Trust Discovery,DC0071,Active Directory Object Access,2,2,True,True,True,exact_event_observed,3,BOTS | EVTX
T1484,Domain or Tenant Policy Modification,DC0002,User Account Authentication,109,109,True,True,True,exact_event_observed,3,BOTS | EVTX
T1484,Domain or Tenant Policy Modification,DC0032,Process Creation,333,333,True,True,True,exact_event_observed,3,BOTS | EVTX
T1484,Domain or Tenant Policy Modification,DC0038,Application Log Content,229,229,True,True,True,exact_event_observed,3,BOTS | EVTX
T1484,Domain or Tenant Policy Modification,DC0061,File Modification,150,150,True,True,True,exact_event_observed,3,BOTS | EVTX
T1484,Domain or Tenant Policy Modification,DC0066,Active Directory Object Modification,11,11,True,True,True,exact_event_observed,3,BOTS | EVTX
T1484.001,Group Policy Modification,DC0010,User Account Modification,41,41,True,True,True,exact_event_observed,3,BOTS | EVTX
T1484.001,Group Policy Modification,DC0032,Process Creation,333,333,True,True,True,exact_event_observed,3,BOTS | EVTX
T1484.001,Group Policy Modification,DC0039,File Creation,128,128,True,True,True,exact_event_observed,3,BOTS | EVTX
T1484.001,Group Policy Modification,DC0061,File Modification,150,150,True,True,True,exact_event_observed,3,BOTS | EVTX
T1484.001,Group Policy Modification,DC0066,Active Directory Object Modification,11,11,True,True,True,exact_event_observed,3,BOTS | EVTX
T1484.002,Trust Modification,DC0010,User Account Modification,41,41,True,True,True,exact_event_observed,3,BOTS | EVTX
T1484.002,Trust Modification,DC0032,Process Creation,333,333,True,True,True,exact_event_observed,3,BOTS | EVTX
T1484.002,Trust Modification,DC0038,Application Log Content,229,229,True,True,True,exact_event_observed,3,BOTS | EVTX
T1484.002,Trust Modification,DC0064,Command Execution,291,291,True,True,True,exact_event_observed,3,BOTS | EVTX
T1484.002,Trust Modification,DC0066,Active Directory Object Modification,11,11,True,True,True,exact_event_observed,3,BOTS | EVTX
T1485,Data Destruction,DC0022,Cloud Storage Deletion,1,1,False,False,True,source_observed,2,BOTS
T1485,Data Destruction,DC0032,Process Creation,333,333,True,True,True,exact_event_observed,3,BOTS | EVTX
T1485,Data Destruction,DC0033,Process Termination,13,13,True,True,True,exact_event_observed,3,BOTS | EVTX
T1485,Data Destruction,DC0039,File Creation,128,128,True,True,True,exact_event_observed,3,BOTS | EVTX
T1485,Data Destruction,DC0040,File Deletion,25,25,True,True,True,exact_event_observed,3,BOTS | EVTX
T1485,Data Destruction,DC0064,Command Execution,291,291,True,True,True,exact_event_observed,3,BOTS | EVTX
T1485,Data Destruction,DC0098,Volume Deletion,2,2,False,False,True,source_observed,2,BOTS
T1485.001,Lifecycle-Triggered Deletion,DC0023,Cloud Storage Modification,5,5,False,False,True,source_observed,2,BOTS
T1486,Data Encrypted for Impact,DC0023,Cloud Storage Modification,5,5,False,False,True,source_observed,2,BOTS
T1486,Data Encrypted for Impact,DC0032,Process Creation,333,333,True,True,True,exact_event_observed,3,BOTS | EVTX
T1486,Data Encrypted for Impact,DC0039,File Creation,128,128,True,True,True,exact_event_observed,3,BOTS | EVTX
T1486,Data Encrypted for Impact,DC0061,File Modification,150,150,True,True,True,exact_event_observed,3,BOTS | EVTX
T1486,Data Encrypted for Impact,DC0064,Command Execution,291,291,True,True,True,exact_event_observed,3,BOTS | EVTX
T1489,Service Stop,DC0032,Process Creation,333,333,True,True,True,exact_event_observed,3,BOTS | EVTX
T1489,Service Stop,DC0033,Process Termination,13,13,True,True,True,exact_event_observed,3,BOTS | EVTX
T1489,Service Stop,DC0040,File Deletion,25,25,True,True,True,exact_event_observed,3,BOTS | EVTX
T1489,Service Stop,DC0041,Service Metadata,22,22,True,True,True,exact_event_observed,3,BOTS | EVTX
T1489,Service Stop,DC0060,Service Creation,15,15,True,True,True,exact_event_observed,3,BOTS | EVTX
T1489,Service Stop,DC0088,Logon Session Metadata,34,34,True,True,True,exact_event_observed,3,BOTS | EVTX
T1490,Inhibit System Recovery,DC0022,Cloud Storage Deletion,1,1,False,False,True,source_observed,2,BOTS
T1490,Inhibit System Recovery,DC0032,Process Creation,333,333,True,True,True,exact_event_observed,3,BOTS | EVTX
T1490,Inhibit System Recovery,DC0040,File Deletion,25,25,True,True,True,exact_event_observed,3,BOTS | EVTX
T1490,Inhibit System Recovery,DC0041,Service Metadata,22,22,True,True,True,exact_event_observed,3,BOTS | EVTX
T1490,Inhibit System Recovery,DC0049,Snapshot Deletion,2,2,False,False,True,source_observed,2,BOTS
T1490,Inhibit System Recovery,DC0063,Windows Registry Key Modification,9,9,True,True,True,exact_event_observed,3,BOTS | EVTX
T1490,Inhibit System Recovery,DC0064,Command Execution,291,291,True,True,True,exact_event_observed,3,BOTS | EVTX
T1491,Defacement,DC0025,Cloud Storage Access,8,8,False,False,True,source_observed,2,BOTS
T1491,Defacement,DC0032,Process Creation,333,333,True,True,True,exact_event_observed,3,BOTS | EVTX
T1491,Defacement,DC0038,Application Log Content,229,229,True,True,True,exact_event_observed,3,BOTS | EVTX
T1491,Defacement,DC0039,File Creation,128,128,True,True,True,exact_event_observed,3,BOTS | EVTX
T1491,Defacement,DC0061,File Modification,150,150,True,True,True,exact_event_observed,3,BOTS | EVTX
T1491,Defacement,DC0085,Network Traffic Content,279,279,True,False,True,source_observed,2,BOTS | EVTX
T1491.001,Internal Defacement,DC0010,User Account Modification,41,41,True,True,True,exact_event_observed,3,BOTS | EVTX
T1491.001,Internal Defacement,DC0029,Script Execution,32,32,True,True,True,exact_event_observed,3,BOTS | EVTX
T1491.001,Internal Defacement,DC0032,Process Creation,333,333,True,True,True,exact_event_observed,3,BOTS | EVTX
T1491.001,Internal Defacement,DC0039,File Creation,128,128,True,True,True,exact_event_observed,3,BOTS | EVTX
T1491.001,Internal Defacement,DC0055,File Access,113,113,True,True,True,exact_event_observed,3,BOTS | EVTX
T1491.001,Internal Defacement,DC0061,File Modification,150,150,True,True,True,exact_event_observed,3,BOTS | EVTX
T1491.001,Internal Defacement,DC0064,Command Execution,291,291,True,True,True,exact_event_observed,3,BOTS | EVTX
T1491.002,External Defacement,DC0017,Cloud Storage Enumeration,4,4,False,False,True,source_observed,2,BOTS
T1491.002,External Defacement,DC0025,Cloud Storage Access,8,8,False,False,True,source_observed,2,BOTS
T1491.002,External Defacement,DC0032,Process Creation,333,333,True,True,True,exact_event_observed,3,BOTS | EVTX
T1491.002,External Defacement,DC0039,File Creation,128,128,True,True,True,exact_event_observed,3,BOTS | EVTX
T1491.002,External Defacement,DC0061,File Modification,150,150,True,True,True,exact_event_observed,3,BOTS | EVTX
T1491.002,External Defacement,DC0085,Network Traffic Content,279,279,True,False,True,source_observed,2,BOTS | EVTX
T1491.002,External Defacement,DC0088,Logon Session Metadata,34,34,True,True,True,exact_event_observed,3,BOTS | EVTX
T1495,Firmware Corruption,DC0004,Firmware Modification,19,19,False,False,True,source_observed,2,BOTS | EVTX
T1495,Firmware Corruption,DC0032,Process Creation,333,333,True,True,True,exact_event_observed,3,BOTS | EVTX
T1495,Firmware Corruption,DC0079,Driver Load,3,3,True,True,True,exact_event_observed,3,BOTS | EVTX
T1495,Firmware Corruption,DC0085,Network Traffic Content,279,279,True,False,True,source_observed,2,BOTS | EVTX
T1496,Resource Hijacking,DC0018,Host Status,50,50,True,True,True,exact_event_observed,3,BOTS | EVTX
T1496,Resource Hijacking,DC0032,Process Creation,333,333,True,True,True,exact_event_observed,3,BOTS | EVTX
T1496,Resource Hijacking,DC0038,Application Log Content,229,229,True,True,True,exact_event_observed,3,BOTS | EVTX
T1496,Resource Hijacking,DC0069,Cloud Service Modification,31,31,False,False,True,source_observed,2,BOTS
T1496,Resource Hijacking,DC0078,Network Traffic Flow,159,159,True,False,True,source_observed,2,BOTS | EVTX
T1496,Resource Hijacking,DC0080,Instance Start,2,2,False,False,True,source_observed,2,BOTS
T1496,Resource Hijacking,DC0082,Network Connection Creation,98,98,True,True,True,exact_event_observed,3,BOTS | EVTX
T1496,Resource Hijacking,DC0085,Network Traffic Content,279,279,True,False,True,source_observed,2,BOTS | EVTX
T1496.001,Compute Hijacking,DC0001,Scheduled Job Creation,17,17,True,True,True,exact_event_observed,3,BOTS | EVTX
T1496.001,Compute Hijacking,DC0018,Host Status,50,50,True,True,True,exact_event_observed,3,BOTS | EVTX
T1496.001,Compute Hijacking,DC0032,Process Creation,333,333,True,True,True,exact_event_observed,3,BOTS | EVTX
T1496.001,Compute Hijacking,DC0072,Container Creation,8,8,False,False,False,not_observed,0,
T1496.001,Compute Hijacking,DC0078,Network Traffic Flow,159,159,True,False,True,source_observed,2,BOTS | EVTX
T1496.001,Compute Hijacking,DC0080,Instance Start,2,2,False,False,True,source_observed,2,BOTS
T1496.001,Compute Hijacking,DC0082,Network Connection Creation,98,98,True,True,True,exact_event_observed,3,BOTS | EVTX
T1496.001,Compute Hijacking,DC0085,Network Traffic Content,279,279,True,False,True,source_observed,2,BOTS | EVTX
T1496.002,Bandwidth Hijacking,DC0032,Process Creation,333,333,True,True,True,exact_event_observed,3,BOTS | EVTX
T1496.002,Bandwidth Hijacking,DC0078,Network Traffic Flow,159,159,True,False,True,source_observed,2,BOTS | EVTX
T1496.002,Bandwidth Hijacking,DC0080,Instance Start,2,2,False,False,True,source_observed,2,BOTS
T1496.002,Bandwidth Hijacking,DC0082,Network Connection Creation,98,98,True,True,True,exact_event_observed,3,BOTS | EVTX
T1496.002,Bandwidth Hijacking,DC0085,Network Traffic Content,279,279,True,False,True,source_observed,2,BOTS | EVTX
T1496.003,SMS Pumping,DC0002,User Account Authentication,109,109,True,True,True,exact_event_observed,3,BOTS | EVTX
T1496.003,SMS Pumping,DC0038,Application Log Content,229,229,True,True,True,exact_event_observed,3,BOTS | EVTX
T1496.004,Cloud Service Hijacking,DC0013,User Account Metadata,29,29,True,True,True,exact_event_observed,3,BOTS | EVTX
T1496.004,Cloud Service Hijacking,DC0038,Application Log Content,229,229,True,True,True,exact_event_observed,3,BOTS | EVTX
T1496.004,Cloud Service Hijacking,DC0069,Cloud Service Modification,31,31,False,False,True,source_observed,2,BOTS
T1497,Virtualization/Sandbox Evasion,DC0016,Module Load,45,45,True,True,True,exact_event_observed,3,BOTS | EVTX
T1497,Virtualization/Sandbox Evasion,DC0032,Process Creation,333,333,True,True,True,exact_event_observed,3,BOTS | EVTX
T1497,Virtualization/Sandbox Evasion,DC0064,Command Execution,291,291,True,True,True,exact_event_observed,3,BOTS | EVTX
T1497.001,System Checks,DC0016,Module Load,45,45,True,True,True,exact_event_observed,3,BOTS | EVTX
T1497.001,System Checks,DC0032,Process Creation,333,333,True,True,True,exact_event_observed,3,BOTS | EVTX
T1497.001,System Checks,DC0035,Process Access,35,35,True,True,True,exact_event_observed,3,BOTS | EVTX
T1497.002,User Activity Based Checks,DC0021,OS API Execution,170,170,True,True,True,exact_event_observed,3,BOTS | EVTX
T1497.002,User Activity Based Checks,DC0032,Process Creation,333,333,True,True,True,exact_event_observed,3,BOTS | EVTX
T1497.002,User Activity Based Checks,DC0035,Process Access,35,35,True,True,True,exact_event_observed,3,BOTS | EVTX
T1497.002,User Activity Based Checks,DC0055,File Access,113,113,True,True,True,exact_event_observed,3,BOTS | EVTX
T1497.002,User Activity Based Checks,DC0064,Command Execution,291,291,True,True,True,exact_event_observed,3,BOTS | EVTX
T1497.002,User Activity Based Checks,DC0088,Logon Session Metadata,34,34,True,True,True,exact_event_observed,3,BOTS | EVTX
T1497.003,Time Based Checks,DC0016,Module Load,45,45,True,True,True,exact_event_observed,3,BOTS | EVTX
T1497.003,Time Based Checks,DC0021,OS API Execution,170,170,True,True,True,exact_event_observed,3,BOTS | EVTX
T1497.003,Time Based Checks,DC0032,Process Creation,333,333,True,True,True,exact_event_observed,3,BOTS | EVTX
T1497.003,Time Based Checks,DC0059,File Metadata,91,91,True,True,True,exact_event_observed,3,BOTS | EVTX
T1498,Network Denial of Service,DC0032,Process Creation,333,333,True,True,True,exact_event_observed,3,BOTS | EVTX
T1498,Network Denial of Service,DC0078,Network Traffic Flow,159,159,True,False,True,source_observed,2,BOTS | EVTX
T1498,Network Denial of Service,DC0082,Network Connection Creation,98,98,True,True,True,exact_event_observed,3,BOTS | EVTX
T1498.001,Direct Network Flood,DC0018,Host Status,50,50,True,True,True,exact_event_observed,3,BOTS | EVTX
T1498.001,Direct Network Flood,DC0032,Process Creation,333,333,True,True,True,exact_event_observed,3,BOTS | EVTX
T1498.001,Direct Network Flood,DC0078,Network Traffic Flow,159,159,True,False,True,source_observed,2,BOTS | EVTX
T1498.001,Direct Network Flood,DC0082,Network Connection Creation,98,98,True,True,True,exact_event_observed,3,BOTS | EVTX
T1498.002,Reflection Amplification,DC0018,Host Status,50,50,True,True,True,exact_event_observed,3,BOTS | EVTX
T1498.002,Reflection Amplification,DC0032,Process Creation,333,333,True,True,True,exact_event_observed,3,BOTS | EVTX
T1498.002,Reflection Amplification,DC0051,Firewall Rule Modification,14,14,False,False,True,source_observed,2,BOTS | EVTX
T1498.002,Reflection Amplification,DC0064,Command Execution,291,291,True,True,True,exact_event_observed,3,BOTS | EVTX
T1498.002,Reflection Amplification,DC0078,Network Traffic Flow,159,159,True,False,True,source_observed,2,BOTS | EVTX
T1498.002,Reflection Amplification,DC0082,Network Connection Creation,98,98,True,True,True,exact_event_observed,3,BOTS | EVTX
T1499,Endpoint Denial of Service,DC0018,Host Status,50,50,True,True,True,exact_event_observed,3,BOTS | EVTX
T1499,Endpoint Denial of Service,DC0032,Process Creation,333,333,True,True,True,exact_event_observed,3,BOTS | EVTX
T1499,Endpoint Denial of Service,DC0038,Application Log Content,229,229,True,True,True,exact_event_observed,3,BOTS | EVTX
T1499,Endpoint Denial of Service,DC0078,Network Traffic Flow,159,159,True,False,True,source_observed,2,BOTS | EVTX
T1499,Endpoint Denial of Service,DC0080,Instance Start,2,2,False,False,True,source_observed,2,BOTS
T1499.001,OS Exhaustion Flood,DC0018,Host Status,50,50,True,True,True,exact_event_observed,3,BOTS | EVTX
T1499.001,OS Exhaustion Flood,DC0032,Process Creation,333,333,True,True,True,exact_event_observed,3,BOTS | EVTX
T1499.001,OS Exhaustion Flood,DC0078,Network Traffic Flow,159,159,True,False,True,source_observed,2,BOTS | EVTX
T1499.001,OS Exhaustion Flood,DC0085,Network Traffic Content,279,279,True,False,True,source_observed,2,BOTS | EVTX
T1499.002,Service Exhaustion Flood,DC0018,Host Status,50,50,True,True,True,exact_event_observed,3,BOTS | EVTX
T1499.002,Service Exhaustion Flood,DC0035,Process Access,35,35,True,True,True,exact_event_observed,3,BOTS | EVTX
T1499.002,Service Exhaustion Flood,DC0038,Application Log Content,229,229,True,True,True,exact_event_observed,3,BOTS | EVTX
T1499.002,Service Exhaustion Flood,DC0051,Firewall Rule Modification,14,14,False,False,True,source_observed,2,BOTS | EVTX
T1499.002,Service Exhaustion Flood,DC0078,Network Traffic Flow,159,159,True,False,True,source_observed,2,BOTS | EVTX
T1499.002,Service Exhaustion Flood,DC0082,Network Connection Creation,98,98,True,True,True,exact_event_observed,3,BOTS | EVTX
T1499.002,Service Exhaustion Flood,DC0085,Network Traffic Content,279,279,True,False,True,source_observed,2,BOTS | EVTX
T1499.003,Application Exhaustion Flood,DC0018,Host Status,50,50,True,True,True,exact_event_observed,3,BOTS | EVTX
T1499.003,Application Exhaustion Flood,DC0032,Process Creation,333,333,True,True,True,exact_event_observed,3,BOTS | EVTX
T1499.003,Application Exhaustion Flood,DC0038,Application Log Content,229,229,True,True,True,exact_event_observed,3,BOTS | EVTX
T1499.003,Application Exhaustion Flood,DC0070,Cloud Service Metadata,10,10,False,False,True,source_observed,2,BOTS
T1499.003,Application Exhaustion Flood,DC0085,Network Traffic Content,279,279,True,False,True,source_observed,2,BOTS | EVTX
T1499.004,Application or System Exploitation,DC0032,Process Creation,333,333,True,True,True,exact_event_observed,3,BOTS | EVTX
T1499.004,Application or System Exploitation,DC0033,Process Termination,13,13,True,True,True,exact_event_observed,3,BOTS | EVTX
T1499.004,Application or System Exploitation,DC0038,Application Log Content,229,229,True,True,True,exact_event_observed,3,BOTS | EVTX
T1499.004,Application or System Exploitation,DC0060,Service Creation,15,15,True,True,True,exact_event_observed,3,BOTS | EVTX
T1499.004,Application or System Exploitation,DC0085,Network Traffic Content,279,279,True,False,True,source_observed,2,BOTS | EVTX
T1499.004,Application or System Exploitation,DC0089,Instance Stop,2,2,False,False,True,source_observed,2,BOTS
T1505,Server Software Component,DC0001,Scheduled Job Creation,17,17,True,True,True,exact_event_observed,3,BOTS | EVTX
T1505,Server Software Component,DC0032,Process Creation,333,333,True,True,True,exact_event_observed,3,BOTS | EVTX
T1505,Server Software Component,DC0038,Application Log Content,229,229,True,True,True,exact_event_observed,3,BOTS | EVTX
T1505,Server Software Component,DC0064,Command Execution,291,291,True,True,True,exact_event_observed,3,BOTS | EVTX
T1505,Server Software Component,DC0078,Network Traffic Flow,159,159,True,False,True,source_observed,2,BOTS | EVTX
T1505,Server Software Component,DC0085,Network Traffic Content,279,279,True,False,True,source_observed,2,BOTS | EVTX
T1505.001,SQL Stored Procedures,DC0016,Module Load,45,45,True,True,True,exact_event_observed,3,BOTS | EVTX
T1505.001,SQL Stored Procedures,DC0029,Script Execution,32,32,True,True,True,exact_event_observed,3,BOTS | EVTX
T1505.001,SQL Stored Procedures,DC0032,Process Creation,333,333,True,True,True,exact_event_observed,3,BOTS | EVTX
T1505.002,Transport Agent,DC0016,Module Load,45,45,True,True,True,exact_event_observed,3,BOTS | EVTX
T1505.002,Transport Agent,DC0032,Process Creation,333,333,True,True,True,exact_event_observed,3,BOTS | EVTX
T1505.002,Transport Agent,DC0038,Application Log Content,229,229,True,True,True,exact_event_observed,3,BOTS | EVTX
T1505.002,Transport Agent,DC0039,File Creation,128,128,True,True,True,exact_event_observed,3,BOTS | EVTX
T1505.002,Transport Agent,DC0061,File Modification,150,150,True,True,True,exact_event_observed,3,BOTS | EVTX
T1505.002,Transport Agent,DC0064,Command Execution,291,291,True,True,True,exact_event_observed,3,BOTS | EVTX
T1505.003,Web Shell,DC0032,Process Creation,333,333,True,True,True,exact_event_observed,3,BOTS | EVTX
T1505.003,Web Shell,DC0039,File Creation,128,128,True,True,True,exact_event_observed,3,BOTS | EVTX
T1505.003,Web Shell,DC0061,File Modification,150,150,True,True,True,exact_event_observed,3,BOTS | EVTX
T1505.003,Web Shell,DC0067,Logon Session Creation,67,67,True,True,True,exact_event_observed,3,BOTS | EVTX
T1505.003,Web Shell,DC0085,Network Traffic Content,279,279,True,False,True,source_observed,2,BOTS | EVTX
T1505.004,IIS Components,DC0016,Module Load,45,45,True,True,True,exact_event_observed,3,BOTS | EVTX
T1505.004,IIS Components,DC0032,Process Creation,333,333,True,True,True,exact_event_observed,3,BOTS | EVTX
T1505.004,IIS Components,DC0038,Application Log Content,229,229,True,True,True,exact_event_observed,3,BOTS | EVTX
T1505.004,IIS Components,DC0039,File Creation,128,128,True,True,True,exact_event_observed,3,BOTS | EVTX
T1505.004,IIS Components,DC0061,File Modification,150,150,True,True,True,exact_event_observed,3,BOTS | EVTX
T1505.004,IIS Components,DC0065,Service Modification,4,4,True,False,True,source_observed,2,BOTS | EVTX
T1505.005,Terminal Services DLL,DC0016,Module Load,45,45,True,True,True,exact_event_observed,3,BOTS | EVTX
T1505.005,Terminal Services DLL,DC0032,Process Creation,333,333,True,True,True,exact_event_observed,3,BOTS | EVTX
T1505.005,Terminal Services DLL,DC0039,File Creation,128,128,True,True,True,exact_event_observed,3,BOTS | EVTX
T1505.005,Terminal Services DLL,DC0063,Windows Registry Key Modification,9,9,True,True,True,exact_event_observed,3,BOTS | EVTX
T1505.006,vSphere Installation Bundles,DC0038,Application Log Content,229,229,True,True,True,exact_event_observed,3,BOTS | EVTX
T1505.006,vSphere Installation Bundles,DC0061,File Modification,150,150,True,True,True,exact_event_observed,3,BOTS | EVTX
T1505.006,vSphere Installation Bundles,DC0064,Command Execution,291,291,True,True,True,exact_event_observed,3,BOTS | EVTX
T1518,Software Discovery,DC0032,Process Creation,333,333,True,True,True,exact_event_observed,3,BOTS | EVTX
T1518,Software Discovery,DC0038,Application Log Content,229,229,True,True,True,exact_event_observed,3,BOTS | EVTX
T1518,Software Discovery,DC0064,Command Execution,291,291,True,True,True,exact_event_observed,3,BOTS | EVTX
T1518,Software Discovery,DC0083,Cloud Service Enumeration,12,12,False,False,True,source_observed,2,BOTS
T1518.001,Security Software Discovery,DC0016,Module Load,45,45,True,True,True,exact_event_observed,3,BOTS | EVTX
T1518.001,Security Software Discovery,DC0032,Process Creation,333,333,True,True,True,exact_event_observed,3,BOTS | EVTX
T1518.001,Security Software Discovery,DC0064,Command Execution,291,291,True,True,True,exact_event_observed,3,BOTS | EVTX
T1518.002,Backup Software Discovery,DC0032,Process Creation,333,333,True,True,True,exact_event_observed,3,BOTS | EVTX
T1518.002,Backup Software Discovery,DC0039,File Creation,128,128,True,True,True,exact_event_observed,3,BOTS | EVTX
T1518.002,Backup Software Discovery,DC0055,File Access,113,113,True,True,True,exact_event_observed,3,BOTS | EVTX
T1518.002,Backup Software Discovery,DC0063,Windows Registry Key Modification,9,9,True,True,True,exact_event_observed,3,BOTS | EVTX
T1525,Implant Internal Image,DC0015,Image Creation,6,6,False,False,True,source_observed,2,BOTS
T1525,Implant Internal Image,DC0036,Image Modification,2,2,False,False,True,source_observed,2,BOTS
T1525,Implant Internal Image,DC0080,Instance Start,2,2,False,False,True,source_observed,2,BOTS
T1526,Cloud Service Discovery,DC0013,User Account Metadata,29,29,True,True,True,exact_event_observed,3,BOTS | EVTX
T1526,Cloud Service Discovery,DC0067,Logon Session Creation,67,67,True,True,True,exact_event_observed,3,BOTS | EVTX
T1526,Cloud Service Discovery,DC0083,Cloud Service Enumeration,12,12,False,False,True,source_observed,2,BOTS
T1528,Steal Application Access Token,DC0002,User Account Authentication,109,109,True,True,True,exact_event_observed,3,BOTS | EVTX
T1528,Steal Application Access Token,DC0025,Cloud Storage Access,8,8,False,False,True,source_observed,2,BOTS
T1528,Steal Application Access Token,DC0038,Application Log Content,229,229,True,True,True,exact_event_observed,3,BOTS | EVTX
T1528,Steal Application Access Token,DC0055,File Access,113,113,True,True,True,exact_event_observed,3,BOTS | EVTX
T1528,Steal Application Access Token,DC0069,Cloud Service Modification,31,31,False,False,True,source_observed,2,BOTS
T1528,Steal Application Access Token,DC0083,Cloud Service Enumeration,12,12,False,False,True,source_observed,2,BOTS
T1529,System Shutdown/Reboot,DC0018,Host Status,50,50,True,True,True,exact_event_observed,3,BOTS | EVTX
T1529,System Shutdown/Reboot,DC0032,Process Creation,333,333,True,True,True,exact_event_observed,3,BOTS | EVTX
T1529,System Shutdown/Reboot,DC0064,Command Execution,291,291,True,True,True,exact_event_observed,3,BOTS | EVTX
T1530,Data from Cloud Storage,DC0002,User Account Authentication,109,109,True,True,True,exact_event_observed,3,BOTS | EVTX
T1530,Data from Cloud Storage,DC0013,User Account Metadata,29,29,True,True,True,exact_event_observed,3,BOTS | EVTX
T1530,Data from Cloud Storage,DC0025,Cloud Storage Access,8,8,False,False,True,source_observed,2,BOTS
T1530,Data from Cloud Storage,DC0085,Network Traffic Content,279,279,True,False,True,source_observed,2,BOTS | EVTX
T1531,Account Access Removal,DC0002,User Account Authentication,109,109,True,True,True,exact_event_observed,3,BOTS | EVTX
T1531,Account Access Removal,DC0009,User Account Deletion,3,3,True,False,True,source_observed_event_unverified,1,BOTS | EVTX
T1531,Account Access Removal,DC0010,User Account Modification,41,41,True,True,True,exact_event_observed,3,BOTS | EVTX
T1531,Account Access Removal,DC0032,Process Creation,333,333,True,True,True,exact_event_observed,3,BOTS | EVTX
T1531,Account Access Removal,DC0064,Command Execution,291,291,True,True,True,exact_event_observed,3,BOTS | EVTX
T1534,Internal Spearphishing,DC0002,User Account Authentication,109,109,True,True,True,exact_event_observed,3,BOTS | EVTX
T1534,Internal Spearphishing,DC0032,Process Creation,333,333,True,True,True,exact_event_observed,3,BOTS | EVTX
T1534,Internal Spearphishing,DC0038,Application Log Content,229,229,True,True,True,exact_event_observed,3,BOTS | EVTX
T1534,Internal Spearphishing,DC0064,Command Execution,291,291,True,True,True,exact_event_observed,3,BOTS | EVTX
T1534,Internal Spearphishing,DC0067,Logon Session Creation,67,67,True,True,True,exact_event_observed,3,BOTS | EVTX
T1534,Internal Spearphishing,DC0085,Network Traffic Content,279,279,True,False,True,source_observed,2,BOTS | EVTX
T1534,Internal Spearphishing,DC0088,Logon Session Metadata,34,34,True,True,True,exact_event_observed,3,BOTS | EVTX
T1535,Unused/Unsupported Cloud Regions,DC0013,User Account Metadata,29,29,True,True,True,exact_event_observed,3,BOTS | EVTX
T1535,Unused/Unsupported Cloud Regions,DC0024,Cloud Storage Creation,1,1,False,False,True,source_observed,2,BOTS
T1535,Unused/Unsupported Cloud Regions,DC0080,Instance Start,2,2,False,False,True,source_observed,2,BOTS
T1535,Unused/Unsupported Cloud Regions,DC0082,Network Connection Creation,98,98,True,True,True,exact_event_observed,3,BOTS | EVTX
T1537,Transfer Data to Cloud Account,DC0023,Cloud Storage Modification,5,5,False,False,True,source_observed,2,BOTS
T1537,Transfer Data to Cloud Account,DC0027,Cloud Storage Metadata,4,4,False,False,True,source_observed,2,BOTS
T1537,Transfer Data to Cloud Account,DC0038,Application Log Content,229,229,True,True,True,exact_event_observed,3,BOTS | EVTX
T1537,Transfer Data to Cloud Account,DC0057,Snapshot Creation,3,3,False,False,True,source_observed,2,BOTS
T1537,Transfer Data to Cloud Account,DC0058,Snapshot Modification,1,1,False,False,True,source_observed,2,BOTS
T1537,Transfer Data to Cloud Account,DC0062,Snapshot Metadata,3,3,False,False,True,source_observed,2,BOTS
T1537,Transfer Data to Cloud Account,DC0085,Network Traffic Content,279,279,True,False,True,source_observed,2,BOTS | EVTX
T1538,Cloud Service Dashboard,DC0002,User Account Authentication,109,109,True,True,True,exact_event_observed,3,BOTS | EVTX
T1538,Cloud Service Dashboard,DC0027,Cloud Storage Metadata,4,4,False,False,True,source_observed,2,BOTS
T1538,Cloud Service Dashboard,DC0038,Application Log Content,229,229,True,True,True,exact_event_observed,3,BOTS | EVTX
T1538,Cloud Service Dashboard,DC0067,Logon Session Creation,67,67,True,True,True,exact_event_observed,3,BOTS | EVTX
T1539,Steal Web Session Cookie,DC0002,User Account Authentication,109,109,True,True,True,exact_event_observed,3,BOTS | EVTX
T1539,Steal Web Session Cookie,DC0032,Process Creation,333,333,True,True,True,exact_event_observed,3,BOTS | EVTX
T1539,Steal Web Session Cookie,DC0035,Process Access,35,35,True,True,True,exact_event_observed,3,BOTS | EVTX
T1539,Steal Web Session Cookie,DC0038,Application Log Content,229,229,True,True,True,exact_event_observed,3,BOTS | EVTX
T1539,Steal Web Session Cookie,DC0055,File Access,113,113,True,True,True,exact_event_observed,3,BOTS | EVTX
T1539,Steal Web Session Cookie,DC0061,File Modification,150,150,True,True,True,exact_event_observed,3,BOTS | EVTX
T1539,Steal Web Session Cookie,DC0067,Logon Session Creation,67,67,True,True,True,exact_event_observed,3,BOTS | EVTX
T1542,Pre-OS Boot,DC0004,Firmware Modification,19,19,False,False,True,source_observed,2,BOTS | EVTX
T1542,Pre-OS Boot,DC0032,Process Creation,333,333,True,True,True,exact_event_observed,3,BOTS | EVTX
T1542,Pre-OS Boot,DC0039,File Creation,128,128,True,True,True,exact_event_observed,3,BOTS | EVTX
T1542,Pre-OS Boot,DC0046,Drive Modification,10,10,False,False,True,source_observed,2,BOTS | EVTX
T1542,Pre-OS Boot,DC0054,Drive Access,8,8,True,True,True,exact_event_observed,3,BOTS | EVTX
T1542,Pre-OS Boot,DC0061,File Modification,150,150,True,True,True,exact_event_observed,3,BOTS | EVTX
T1542,Pre-OS Boot,DC0064,Command Execution,291,291,True,True,True,exact_event_observed,3,BOTS | EVTX
T1542.001,System Firmware,DC0004,Firmware Modification,19,19,False,False,True,source_observed,2,BOTS | EVTX
T1542.001,System Firmware,DC0032,Process Creation,333,333,True,True,True,exact_event_observed,3,BOTS | EVTX
T1542.001,System Firmware,DC0039,File Creation,128,128,True,True,True,exact_event_observed,3,BOTS | EVTX
T1542.001,System Firmware,DC0046,Drive Modification,10,10,False,False,True,source_observed,2,BOTS | EVTX
T1542.001,System Firmware,DC0054,Drive Access,8,8,True,True,True,exact_event_observed,3,BOTS | EVTX
T1542.002,Component Firmware,DC0004,Firmware Modification,19,19,False,False,True,source_observed,2,BOTS | EVTX
T1542.002,Component Firmware,DC0079,Driver Load,3,3,True,True,True,exact_event_observed,3,BOTS | EVTX
T1542.003,Bootkit,DC0039,File Creation,128,128,True,True,True,exact_event_observed,3,BOTS | EVTX
T1542.003,Bootkit,DC0046,Drive Modification,10,10,False,False,True,source_observed,2,BOTS | EVTX
T1542.003,Bootkit,DC0054,Drive Access,8,8,True,True,True,exact_event_observed,3,BOTS | EVTX
T1542.003,Bootkit,DC0061,File Modification,150,150,True,True,True,exact_event_observed,3,BOTS | EVTX
T1542.004,ROMMONkit,DC0004,Firmware Modification,19,19,False,False,True,source_observed,2,BOTS | EVTX
T1542.004,ROMMONkit,DC0021,OS API Execution,170,170,True,True,True,exact_event_observed,3,BOTS | EVTX
T1542.004,ROMMONkit,DC0082,Network Connection Creation,98,98,True,True,True,exact_event_observed,3,BOTS | EVTX
T1542.005,TFTP Boot,DC0004,Firmware Modification,19,19,False,False,True,source_observed,2,BOTS | EVTX
T1542.005,TFTP Boot,DC0064,Command Execution,291,291,True,True,True,exact_event_observed,3,BOTS | EVTX
T1542.005,TFTP Boot,DC0082,Network Connection Creation,98,98,True,True,True,exact_event_observed,3,BOTS | EVTX
T1543,Create or Modify System Process,DC0032,Process Creation,333,333,True,True,True,exact_event_observed,3,BOTS | EVTX
T1543,Create or Modify System Process,DC0060,Service Creation,15,15,True,True,True,exact_event_observed,3,BOTS | EVTX
T1543,Create or Modify System Process,DC0061,File Modification,150,150,True,True,True,exact_event_observed,3,BOTS | EVTX
T1543,Create or Modify System Process,DC0063,Windows Registry Key Modification,9,9,True,True,True,exact_event_observed,3,BOTS | EVTX
T1543,Create or Modify System Process,DC0064,Command Execution,291,291,True,True,True,exact_event_observed,3,BOTS | EVTX
T1543,Create or Modify System Process,DC0072,Container Creation,8,8,False,False,False,not_observed,0,
T1543.001,Launch Agent,DC0039,File Creation,128,128,True,True,True,exact_event_observed,3,BOTS | EVTX
T1543.001,Launch Agent,DC0060,Service Creation,15,15,True,True,True,exact_event_observed,3,BOTS | EVTX
T1543.001,Launch Agent,DC0061,File Modification,150,150,True,True,True,exact_event_observed,3,BOTS | EVTX
T1543.001,Launch Agent,DC0064,Command Execution,291,291,True,True,True,exact_event_observed,3,BOTS | EVTX
T1543.002,Systemd Service,DC0032,Process Creation,333,333,True,True,True,exact_event_observed,3,BOTS | EVTX
T1543.002,Systemd Service,DC0039,File Creation,128,128,True,True,True,exact_event_observed,3,BOTS | EVTX
T1543.002,Systemd Service,DC0060,Service Creation,15,15,True,True,True,exact_event_observed,3,BOTS | EVTX
T1543.002,Systemd Service,DC0061,File Modification,150,150,True,True,True,exact_event_observed,3,BOTS | EVTX
T1543.002,Systemd Service,DC0064,Command Execution,291,291,True,True,True,exact_event_observed,3,BOTS | EVTX
T1543.003,Windows Service,DC0032,Process Creation,333,333,True,True,True,exact_event_observed,3,BOTS | EVTX
T1543.003,Windows Service,DC0060,Service Creation,15,15,True,True,True,exact_event_observed,3,BOTS | EVTX
T1543.003,Windows Service,DC0063,Windows Registry Key Modification,9,9,True,True,True,exact_event_observed,3,BOTS | EVTX
T1543.003,Windows Service,DC0079,Driver Load,3,3,True,True,True,exact_event_observed,3,BOTS | EVTX
T1543.004,Launch Daemon,DC0032,Process Creation,333,333,True,True,True,exact_event_observed,3,BOTS | EVTX
T1543.004,Launch Daemon,DC0039,File Creation,128,128,True,True,True,exact_event_observed,3,BOTS | EVTX
T1543.004,Launch Daemon,DC0060,Service Creation,15,15,True,True,True,exact_event_observed,3,BOTS | EVTX
T1543.004,Launch Daemon,DC0061,File Modification,150,150,True,True,True,exact_event_observed,3,BOTS | EVTX
T1543.005,Container Service,DC0019,Pod Creation,2,2,False,False,True,source_observed,2,BOTS
T1543.005,Container Service,DC0032,Process Creation,333,333,True,True,True,exact_event_observed,3,BOTS | EVTX
T1543.005,Container Service,DC0060,Service Creation,15,15,True,True,True,exact_event_observed,3,BOTS | EVTX
T1543.005,Container Service,DC0072,Container Creation,8,8,False,False,False,not_observed,0,
T1546,Event Triggered Execution,DC0001,Scheduled Job Creation,17,17,True,True,True,exact_event_observed,3,BOTS | EVTX
T1546,Event Triggered Execution,DC0008,WMI Creation,3,3,True,False,True,source_observed,2,BOTS | EVTX
T1546,Event Triggered Execution,DC0029,Script Execution,32,32,True,True,True,exact_event_observed,3,BOTS | EVTX
T1546,Event Triggered Execution,DC0032,Process Creation,333,333,True,True,True,exact_event_observed,3,BOTS | EVTX
T1546,Event Triggered Execution,DC0059,File Metadata,91,91,True,True,True,exact_event_observed,3,BOTS | EVTX
T1546,Event Triggered Execution,DC0061,File Modification,150,150,True,True,True,exact_event_observed,3,BOTS | EVTX
T1546,Event Triggered Execution,DC0063,Windows Registry Key Modification,9,9,True,True,True,exact_event_observed,3,BOTS | EVTX
T1546,Event Triggered Execution,DC0064,Command Execution,291,291,True,True,True,exact_event_observed,3,BOTS | EVTX
T1546,Event Triggered Execution,DC0069,Cloud Service Modification,31,31,False,False,True,source_observed,2,BOTS
T1546,Event Triggered Execution,DC0085,Network Traffic Content,279,279,True,False,True,source_observed,2,BOTS | EVTX
T1546.001,Change Default File Association,DC0032,Process Creation,333,333,True,True,True,exact_event_observed,3,BOTS | EVTX
T1546.001,Change Default File Association,DC0063,Windows Registry Key Modification,9,9,True,True,True,exact_event_observed,3,BOTS | EVTX
T1546.001,Change Default File Association,DC0088,Logon Session Metadata,34,34,True,True,True,exact_event_observed,3,BOTS | EVTX
T1546.002,Screensaver,DC0032,Process Creation,333,333,True,True,True,exact_event_observed,3,BOTS | EVTX
T1546.002,Screensaver,DC0063,Windows Registry Key Modification,9,9,True,True,True,exact_event_observed,3,BOTS | EVTX
T1546.003,Windows Management Instrumentation Event Subscription,DC0008,WMI Creation,3,3,True,False,True,source_observed,2,BOTS | EVTX
T1546.003,Windows Management Instrumentation Event Subscription,DC0016,Module Load,45,45,True,True,True,exact_event_observed,3,BOTS | EVTX
T1546.003,Windows Management Instrumentation Event Subscription,DC0032,Process Creation,333,333,True,True,True,exact_event_observed,3,BOTS | EVTX
T1546.004,Unix Shell Configuration Modification,DC0032,Process Creation,333,333,True,True,True,exact_event_observed,3,BOTS | EVTX
T1546.004,Unix Shell Configuration Modification,DC0061,File Modification,150,150,True,True,True,exact_event_observed,3,BOTS | EVTX
T1546.004,Unix Shell Configuration Modification,DC0085,Network Traffic Content,279,279,True,False,True,source_observed,2,BOTS | EVTX
T1546.005,Trap,DC0032,Process Creation,333,333,True,True,True,exact_event_observed,3,BOTS | EVTX
T1546.005,Trap,DC0055,File Access,113,113,True,True,True,exact_event_observed,3,BOTS | EVTX
T1546.005,Trap,DC0061,File Modification,150,150,True,True,True,exact_event_observed,3,BOTS | EVTX
T1546.006,LC_LOAD_DYLIB Addition,DC0016,Module Load,45,45,True,True,True,exact_event_observed,3,BOTS | EVTX
T1546.006,LC_LOAD_DYLIB Addition,DC0059,File Metadata,91,91,True,True,True,exact_event_observed,3,BOTS | EVTX
T1546.006,LC_LOAD_DYLIB Addition,DC0061,File Modification,150,150,True,True,True,exact_event_observed,3,BOTS | EVTX
T1546.007,Netsh Helper DLL,DC0016,Module Load,45,45,True,True,True,exact_event_observed,3,BOTS | EVTX
T1546.007,Netsh Helper DLL,DC0032,Process Creation,333,333,True,True,True,exact_event_observed,3,BOTS | EVTX
T1546.007,Netsh Helper DLL,DC0063,Windows Registry Key Modification,9,9,True,True,True,exact_event_observed,3,BOTS | EVTX
T1546.008,Accessibility Features,DC0032,Process Creation,333,333,True,True,True,exact_event_observed,3,BOTS | EVTX
T1546.008,Accessibility Features,DC0039,File Creation,128,128,True,True,True,exact_event_observed,3,BOTS | EVTX
T1546.008,Accessibility Features,DC0059,File Metadata,91,91,True,True,True,exact_event_observed,3,BOTS | EVTX
T1546.008,Accessibility Features,DC0063,Windows Registry Key Modification,9,9,True,True,True,exact_event_observed,3,BOTS | EVTX
T1546.009,AppCert DLLs,DC0016,Module Load,45,45,True,True,True,exact_event_observed,3,BOTS | EVTX
T1546.009,AppCert DLLs,DC0032,Process Creation,333,333,True,True,True,exact_event_observed,3,BOTS | EVTX
T1546.009,AppCert DLLs,DC0063,Windows Registry Key Modification,9,9,True,True,True,exact_event_observed,3,BOTS | EVTX
T1546.010,AppInit DLLs,DC0016,Module Load,45,45,True,True,True,exact_event_observed,3,BOTS | EVTX
T1546.010,AppInit DLLs,DC0032,Process Creation,333,333,True,True,True,exact_event_observed,3,BOTS | EVTX
T1546.010,AppInit DLLs,DC0063,Windows Registry Key Modification,9,9,True,True,True,exact_event_observed,3,BOTS | EVTX
T1546.011,Application Shimming,DC0016,Module Load,45,45,True,True,True,exact_event_observed,3,BOTS | EVTX
T1546.011,Application Shimming,DC0032,Process Creation,333,333,True,True,True,exact_event_observed,3,BOTS | EVTX
T1546.011,Application Shimming,DC0039,File Creation,128,128,True,True,True,exact_event_observed,3,BOTS | EVTX
T1546.011,Application Shimming,DC0063,Windows Registry Key Modification,9,9,True,True,True,exact_event_observed,3,BOTS | EVTX
T1546.012,Image File Execution Options Injection,DC0032,Process Creation,333,333,True,True,True,exact_event_observed,3,BOTS | EVTX
T1546.012,Image File Execution Options Injection,DC0035,Process Access,35,35,True,True,True,exact_event_observed,3,BOTS | EVTX
T1546.012,Image File Execution Options Injection,DC0056,Windows Registry Key Creation,1,1,True,True,True,exact_event_observed,3,BOTS | EVTX
T1546.012,Image File Execution Options Injection,DC0063,Windows Registry Key Modification,9,9,True,True,True,exact_event_observed,3,BOTS | EVTX
T1546.013,PowerShell Profile,DC0032,Process Creation,333,333,True,True,True,exact_event_observed,3,BOTS | EVTX
T1546.013,PowerShell Profile,DC0039,File Creation,128,128,True,True,True,exact_event_observed,3,BOTS | EVTX
T1546.013,PowerShell Profile,DC0061,File Modification,150,150,True,True,True,exact_event_observed,3,BOTS | EVTX
T1546.013,PowerShell Profile,DC0064,Command Execution,291,291,True,True,True,exact_event_observed,3,BOTS | EVTX
T1546.014,Emond,DC0032,Process Creation,333,333,True,True,True,exact_event_observed,3,BOTS | EVTX
T1546.014,Emond,DC0039,File Creation,128,128,True,True,True,exact_event_observed,3,BOTS | EVTX
T1546.014,Emond,DC0061,File Modification,150,150,True,True,True,exact_event_observed,3,BOTS | EVTX
T1546.014,Emond,DC0064,Command Execution,291,291,True,True,True,exact_event_observed,3,BOTS | EVTX
T1546.015,Component Object Model Hijacking,DC0016,Module Load,45,45,True,True,True,exact_event_observed,3,BOTS | EVTX
T1546.015,Component Object Model Hijacking,DC0032,Process Creation,333,333,True,True,True,exact_event_observed,3,BOTS | EVTX
T1546.015,Component Object Model Hijacking,DC0063,Windows Registry Key Modification,9,9,True,True,True,exact_event_observed,3,BOTS | EVTX
T1546.016,Installer Packages,DC0032,Process Creation,333,333,True,True,True,exact_event_observed,3,BOTS | EVTX
T1546.016,Installer Packages,DC0039,File Creation,128,128,True,True,True,exact_event_observed,3,BOTS | EVTX
T1546.017,Udev Rules,DC0032,Process Creation,333,333,True,True,True,exact_event_observed,3,BOTS | EVTX
T1546.017,Udev Rules,DC0061,File Modification,150,150,True,True,True,exact_event_observed,3,BOTS | EVTX
T1546.017,Udev Rules,DC0064,Command Execution,291,291,True,True,True,exact_event_observed,3,BOTS | EVTX
T1546.018,Python Startup Hooks,DC0032,Process Creation,333,333,True,True,True,exact_event_observed,3,BOTS | EVTX
T1546.018,Python Startup Hooks,DC0059,File Metadata,91,91,True,True,True,exact_event_observed,3,BOTS | EVTX
T1546.018,Python Startup Hooks,DC0061,File Modification,150,150,True,True,True,exact_event_observed,3,BOTS | EVTX
T1546.018,Python Startup Hooks,DC0085,Network Traffic Content,279,279,True,False,True,source_observed,2,BOTS | EVTX
T1547,Boot or Logon Autostart Execution,DC0032,Process Creation,333,333,True,True,True,exact_event_observed,3,BOTS | EVTX
T1547,Boot or Logon Autostart Execution,DC0039,File Creation,128,128,True,True,True,exact_event_observed,3,BOTS | EVTX
T1547,Boot or Logon Autostart Execution,DC0041,Service Metadata,22,22,True,True,True,exact_event_observed,3,BOTS | EVTX
T1547,Boot or Logon Autostart Execution,DC0061,File Modification,150,150,True,True,True,exact_event_observed,3,BOTS | EVTX
T1547,Boot or Logon Autostart Execution,DC0063,Windows Registry Key Modification,9,9,True,True,True,exact_event_observed,3,BOTS | EVTX
T1547.001,Registry Run Keys / Startup Folder,DC0032,Process Creation,333,333,True,True,True,exact_event_observed,3,BOTS | EVTX
T1547.001,Registry Run Keys / Startup Folder,DC0039,File Creation,128,128,True,True,True,exact_event_observed,3,BOTS | EVTX
T1547.001,Registry Run Keys / Startup Folder,DC0063,Windows Registry Key Modification,9,9,True,True,True,exact_event_observed,3,BOTS | EVTX
T1547.002,Authentication Package,DC0016,Module Load,45,45,True,True,True,exact_event_observed,3,BOTS | EVTX
T1547.002,Authentication Package,DC0063,Windows Registry Key Modification,9,9,True,True,True,exact_event_observed,3,BOTS | EVTX
T1547.003,Time Providers,DC0016,Module Load,45,45,True,True,True,exact_event_observed,3,BOTS | EVTX
T1547.003,Time Providers,DC0032,Process Creation,333,333,True,True,True,exact_event_observed,3,BOTS | EVTX
T1547.003,Time Providers,DC0039,File Creation,128,128,True,True,True,exact_event_observed,3,BOTS | EVTX
T1547.003,Time Providers,DC0063,Windows Registry Key Modification,9,9,True,True,True,exact_event_observed,3,BOTS | EVTX
T1547.004,Winlogon Helper DLL,DC0016,Module Load,45,45,True,True,True,exact_event_observed,3,BOTS | EVTX
T1547.004,Winlogon Helper DLL,DC0032,Process Creation,333,333,True,True,True,exact_event_observed,3,BOTS | EVTX
T1547.004,Winlogon Helper DLL,DC0050,Windows Registry Key Access,4,4,True,True,True,exact_event_observed,3,BOTS | EVTX
T1547.004,Winlogon Helper DLL,DC0063,Windows Registry Key Modification,9,9,True,True,True,exact_event_observed,3,BOTS | EVTX
T1547.005,Security Support Provider,DC0016,Module Load,45,45,True,True,True,exact_event_observed,3,BOTS | EVTX
T1547.005,Security Support Provider,DC0032,Process Creation,333,333,True,True,True,exact_event_observed,3,BOTS | EVTX
T1547.005,Security Support Provider,DC0063,Windows Registry Key Modification,9,9,True,True,True,exact_event_observed,3,BOTS | EVTX
T1547.006,Kernel Modules and Extensions,DC0031,Kernel Module Load,2,2,False,False,True,source_family_observed,1,BOTS
T1547.006,Kernel Modules and Extensions,DC0032,Process Creation,333,333,True,True,True,exact_event_observed,3,BOTS | EVTX
T1547.006,Kernel Modules and Extensions,DC0039,File Creation,128,128,True,True,True,exact_event_observed,3,BOTS | EVTX
T1547.006,Kernel Modules and Extensions,DC0061,File Modification,150,150,True,True,True,exact_event_observed,3,BOTS | EVTX
T1547.006,Kernel Modules and Extensions,DC0064,Command Execution,291,291,True,True,True,exact_event_observed,3,BOTS | EVTX
T1547.007,Re-opened Applications,DC0032,Process Creation,333,333,True,True,True,exact_event_observed,3,BOTS | EVTX
T1547.007,Re-opened Applications,DC0059,File Metadata,91,91,True,True,True,exact_event_observed,3,BOTS | EVTX
T1547.007,Re-opened Applications,DC0061,File Modification,150,150,True,True,True,exact_event_observed,3,BOTS | EVTX
T1547.007,Re-opened Applications,DC0088,Logon Session Metadata,34,34,True,True,True,exact_event_observed,3,BOTS | EVTX
T1547.008,LSASS Driver,DC0016,Module Load,45,45,True,True,True,exact_event_observed,3,BOTS | EVTX
T1547.008,LSASS Driver,DC0039,File Creation,128,128,True,True,True,exact_event_observed,3,BOTS | EVTX
T1547.008,LSASS Driver,DC0056,Windows Registry Key Creation,1,1,True,True,True,exact_event_observed,3,BOTS | EVTX
T1547.008,LSASS Driver,DC0061,File Modification,150,150,True,True,True,exact_event_observed,3,BOTS | EVTX
T1547.008,LSASS Driver,DC0063,Windows Registry Key Modification,9,9,True,True,True,exact_event_observed,3,BOTS | EVTX
T1547.008,LSASS Driver,DC0079,Driver Load,3,3,True,True,True,exact_event_observed,3,BOTS | EVTX
T1547.009,Shortcut Modification,DC0032,Process Creation,333,333,True,True,True,exact_event_observed,3,BOTS | EVTX
T1547.009,Shortcut Modification,DC0039,File Creation,128,128,True,True,True,exact_event_observed,3,BOTS | EVTX
T1547.009,Shortcut Modification,DC0059,File Metadata,91,91,True,True,True,exact_event_observed,3,BOTS | EVTX
T1547.009,Shortcut Modification,DC0061,File Modification,150,150,True,True,True,exact_event_observed,3,BOTS | EVTX
T1547.010,Port Monitors,DC0016,Module Load,45,45,True,True,True,exact_event_observed,3,BOTS | EVTX
T1547.010,Port Monitors,DC0021,OS API Execution,170,170,True,True,True,exact_event_observed,3,BOTS | EVTX
T1547.010,Port Monitors,DC0032,Process Creation,333,333,True,True,True,exact_event_observed,3,BOTS | EVTX
T1547.010,Port Monitors,DC0039,File Creation,128,128,True,True,True,exact_event_observed,3,BOTS | EVTX
T1547.010,Port Monitors,DC0063,Windows Registry Key Modification,9,9,True,True,True,exact_event_observed,3,BOTS | EVTX
T1547.012,Print Processors,DC0016,Module Load,45,45,True,True,True,exact_event_observed,3,BOTS | EVTX
T1547.012,Print Processors,DC0035,Process Access,35,35,True,True,True,exact_event_observed,3,BOTS | EVTX
T1547.012,Print Processors,DC0039,File Creation,128,128,True,True,True,exact_event_observed,3,BOTS | EVTX
T1547.012,Print Processors,DC0063,Windows Registry Key Modification,9,9,True,True,True,exact_event_observed,3,BOTS | EVTX
T1547.013,XDG Autostart Entries,DC0032,Process Creation,333,333,True,True,True,exact_event_observed,3,BOTS | EVTX
T1547.013,XDG Autostart Entries,DC0039,File Creation,128,128,True,True,True,exact_event_observed,3,BOTS | EVTX
T1547.013,XDG Autostart Entries,DC0055,File Access,113,113,True,True,True,exact_event_observed,3,BOTS | EVTX
T1547.013,XDG Autostart Entries,DC0059,File Metadata,91,91,True,True,True,exact_event_observed,3,BOTS | EVTX
T1547.013,XDG Autostart Entries,DC0067,Logon Session Creation,67,67,True,True,True,exact_event_observed,3,BOTS | EVTX
T1547.014,Active Setup,DC0032,Process Creation,333,333,True,True,True,exact_event_observed,3,BOTS | EVTX
T1547.014,Active Setup,DC0056,Windows Registry Key Creation,1,1,True,True,True,exact_event_observed,3,BOTS | EVTX
T1547.014,Active Setup,DC0063,Windows Registry Key Modification,9,9,True,True,True,exact_event_observed,3,BOTS | EVTX
T1547.014,Active Setup,DC0088,Logon Session Metadata,34,34,True,True,True,exact_event_observed,3,BOTS | EVTX
T1547.015,Login Items,DC0021,OS API Execution,170,170,True,True,True,exact_event_observed,3,BOTS | EVTX
T1547.015,Login Items,DC0029,Script Execution,32,32,True,True,True,exact_event_observed,3,BOTS | EVTX
T1547.015,Login Items,DC0032,Process Creation,333,333,True,True,True,exact_event_observed,3,BOTS | EVTX
T1547.015,Login Items,DC0061,File Modification,150,150,True,True,True,exact_event_observed,3,BOTS | EVTX
T1548,Abuse Elevation Control Mechanism,DC0010,User Account Modification,41,41,True,True,True,exact_event_observed,3,BOTS | EVTX
T1548,Abuse Elevation Control Mechanism,DC0021,OS API Execution,170,170,True,True,True,exact_event_observed,3,BOTS | EVTX
T1548,Abuse Elevation Control Mechanism,DC0032,Process Creation,333,333,True,True,True,exact_event_observed,3,BOTS | EVTX
T1548,Abuse Elevation Control Mechanism,DC0034,Process Metadata,45,45,True,False,True,source_observed,2,BOTS | EVTX
T1548,Abuse Elevation Control Mechanism,DC0059,File Metadata,91,91,True,True,True,exact_event_observed,3,BOTS | EVTX
T1548,Abuse Elevation Control Mechanism,DC0063,Windows Registry Key Modification,9,9,True,True,True,exact_event_observed,3,BOTS | EVTX
T1548,Abuse Elevation Control Mechanism,DC0088,Logon Session Metadata,34,34,True,True,True,exact_event_observed,3,BOTS | EVTX
T1548.001,Setuid and Setgid,DC0032,Process Creation,333,333,True,True,True,exact_event_observed,3,BOTS | EVTX
T1548.001,Setuid and Setgid,DC0034,Process Metadata,45,45,True,False,True,source_observed,2,BOTS | EVTX
T1548.001,Setuid and Setgid,DC0064,Command Execution,291,291,True,True,True,exact_event_observed,3,BOTS | EVTX
T1548.002,Bypass User Account Control,DC0016,Module Load,45,45,True,True,True,exact_event_observed,3,BOTS | EVTX
T1548.002,Bypass User Account Control,DC0032,Process Creation,333,333,True,True,True,exact_event_observed,3,BOTS | EVTX
T1548.002,Bypass User Account Control,DC0035,Process Access,35,35,True,True,True,exact_event_observed,3,BOTS | EVTX
T1548.002,Bypass User Account Control,DC0063,Windows Registry Key Modification,9,9,True,True,True,exact_event_observed,3,BOTS | EVTX
T1548.002,Bypass User Account Control,DC0088,Logon Session Metadata,34,34,True,True,True,exact_event_observed,3,BOTS | EVTX
T1548.003,Sudo and Sudo Caching,DC0033,Process Termination,13,13,True,True,True,exact_event_observed,3,BOTS | EVTX
T1548.003,Sudo and Sudo Caching,DC0034,Process Metadata,45,45,True,False,True,source_observed,2,BOTS | EVTX
T1548.003,Sudo and Sudo Caching,DC0061,File Modification,150,150,True,True,True,exact_event_observed,3,BOTS | EVTX
T1548.003,Sudo and Sudo Caching,DC0064,Command Execution,291,291,True,True,True,exact_event_observed,3,BOTS | EVTX
T1548.004,Elevated Execution with Prompt,DC0002,User Account Authentication,109,109,True,True,True,exact_event_observed,3,BOTS | EVTX
T1548.004,Elevated Execution with Prompt,DC0021,OS API Execution,170,170,True,True,True,exact_event_observed,3,BOTS | EVTX
T1548.004,Elevated Execution with Prompt,DC0032,Process Creation,333,333,True,True,True,exact_event_observed,3,BOTS | EVTX
T1548.005,Temporary Elevated Cloud Access,DC0002,User Account Authentication,109,109,True,True,True,exact_event_observed,3,BOTS | EVTX
T1548.005,Temporary Elevated Cloud Access,DC0013,User Account Metadata,29,29,True,True,True,exact_event_observed,3,BOTS | EVTX
T1548.005,Temporary Elevated Cloud Access,DC0038,Application Log Content,229,229,True,True,True,exact_event_observed,3,BOTS | EVTX
T1548.006,TCC Manipulation,DC0018,Host Status,50,50,True,True,True,exact_event_observed,3,BOTS | EVTX
T1548.006,TCC Manipulation,DC0032,Process Creation,333,333,True,True,True,exact_event_observed,3,BOTS | EVTX
T1548.006,TCC Manipulation,DC0061,File Modification,150,150,True,True,True,exact_event_observed,3,BOTS | EVTX
T1548.006,TCC Manipulation,DC0064,Command Execution,291,291,True,True,True,exact_event_observed,3,BOTS | EVTX
T1550,Use Alternate Authentication Material,DC0002,User Account Authentication,109,109,True,True,True,exact_event_observed,3,BOTS | EVTX
T1550,Use Alternate Authentication Material,DC0007,Web Credential Usage,20,20,False,False,True,source_observed,2,BOTS
T1550,Use Alternate Authentication Material,DC0013,User Account Metadata,29,29,True,True,True,exact_event_observed,3,BOTS | EVTX
T1550,Use Alternate Authentication Material,DC0032,Process Creation,333,333,True,True,True,exact_event_observed,3,BOTS | EVTX
T1550,Use Alternate Authentication Material,DC0038,Application Log Content,229,229,True,True,True,exact_event_observed,3,BOTS | EVTX
T1550,Use Alternate Authentication Material,DC0067,Logon Session Creation,67,67,True,True,True,exact_event_observed,3,BOTS | EVTX
T1550.001,Application Access Token,DC0002,User Account Authentication,109,109,True,True,True,exact_event_observed,3,BOTS | EVTX
T1550.001,Application Access Token,DC0007,Web Credential Usage,20,20,False,False,True,source_observed,2,BOTS
T1550.002,Pass the Hash,DC0032,Process Creation,333,333,True,True,True,exact_event_observed,3,BOTS | EVTX
T1550.002,Pass the Hash,DC0067,Logon Session Creation,67,67,True,True,True,exact_event_observed,3,BOTS | EVTX
T1550.002,Pass the Hash,DC0082,Network Connection Creation,98,98,True,True,True,exact_event_observed,3,BOTS | EVTX
T1550.002,Pass the Hash,DC0084,Active Directory Credential Request,5,5,True,True,True,exact_event_observed,3,BOTS | EVTX
T1550.003,Pass the Ticket,DC0002,User Account Authentication,109,109,True,True,True,exact_event_observed,3,BOTS | EVTX
T1550.003,Pass the Ticket,DC0016,Module Load,45,45,True,True,True,exact_event_observed,3,BOTS | EVTX
T1550.003,Pass the Ticket,DC0035,Process Access,35,35,True,True,True,exact_event_observed,3,BOTS | EVTX
T1550.003,Pass the Ticket,DC0067,Logon Session Creation,67,67,True,True,True,exact_event_observed,3,BOTS | EVTX
T1550.003,Pass the Ticket,DC0084,Active Directory Credential Request,5,5,True,True,True,exact_event_observed,3,BOTS | EVTX
T1550.004,Web Session Cookie,DC0002,User Account Authentication,109,109,True,True,True,exact_event_observed,3,BOTS | EVTX
T1550.004,Web Session Cookie,DC0007,Web Credential Usage,20,20,False,False,True,source_observed,2,BOTS
T1550.004,Web Session Cookie,DC0067,Logon Session Creation,67,67,True,True,True,exact_event_observed,3,BOTS | EVTX
T1552,Unsecured Credentials,DC0002,User Account Authentication,109,109,True,True,True,exact_event_observed,3,BOTS | EVTX
T1552,Unsecured Credentials,DC0032,Process Creation,333,333,True,True,True,exact_event_observed,3,BOTS | EVTX
T1552,Unsecured Credentials,DC0038,Application Log Content,229,229,True,True,True,exact_event_observed,3,BOTS | EVTX
T1552,Unsecured Credentials,DC0039,File Creation,128,128,True,True,True,exact_event_observed,3,BOTS | EVTX
T1552,Unsecured Credentials,DC0055,File Access,113,113,True,True,True,exact_event_observed,3,BOTS | EVTX
T1552,Unsecured Credentials,DC0063,Windows Registry Key Modification,9,9,True,True,True,exact_event_observed,3,BOTS | EVTX
T1552,Unsecured Credentials,DC0064,Command Execution,291,291,True,True,True,exact_event_observed,3,BOTS | EVTX
T1552,Unsecured Credentials,DC0070,Cloud Service Metadata,10,10,False,False,True,source_observed,2,BOTS
T1552,Unsecured Credentials,DC0085,Network Traffic Content,279,279,True,False,True,source_observed,2,BOTS | EVTX
T1552.001,Credentials In Files,DC0032,Process Creation,333,333,True,True,True,exact_event_observed,3,BOTS | EVTX
T1552.001,Credentials In Files,DC0039,File Creation,128,128,True,True,True,exact_event_observed,3,BOTS | EVTX
T1552.001,Credentials In Files,DC0055,File Access,113,113,True,True,True,exact_event_observed,3,BOTS | EVTX
T1552.001,Credentials In Files,DC0064,Command Execution,291,291,True,True,True,exact_event_observed,3,BOTS | EVTX
T1552.001,Credentials In Files,DC0067,Logon Session Creation,67,67,True,True,True,exact_event_observed,3,BOTS | EVTX
T1552.001,Credentials In Files,DC0082,Network Connection Creation,98,98,True,True,True,exact_event_observed,3,BOTS | EVTX
T1552.002,Credentials in Registry,DC0032,Process Creation,333,333,True,True,True,exact_event_observed,3,BOTS | EVTX
T1552.002,Credentials in Registry,DC0050,Windows Registry Key Access,4,4,True,True,True,exact_event_observed,3,BOTS | EVTX
T1552.002,Credentials in Registry,DC0063,Windows Registry Key Modification,9,9,True,True,True,exact_event_observed,3,BOTS | EVTX
T1552.003,Shell History,DC0032,Process Creation,333,333,True,True,True,exact_event_observed,3,BOTS | EVTX
T1552.003,Shell History,DC0034,Process Metadata,45,45,True,False,True,source_observed,2,BOTS | EVTX
T1552.003,Shell History,DC0039,File Creation,128,128,True,True,True,exact_event_observed,3,BOTS | EVTX
T1552.003,Shell History,DC0055,File Access,113,113,True,True,True,exact_event_observed,3,BOTS | EVTX
T1552.004,Private Keys,DC0032,Process Creation,333,333,True,True,True,exact_event_observed,3,BOTS | EVTX
T1552.004,Private Keys,DC0039,File Creation,128,128,True,True,True,exact_event_observed,3,BOTS | EVTX
T1552.004,Private Keys,DC0055,File Access,113,113,True,True,True,exact_event_observed,3,BOTS | EVTX
T1552.004,Private Keys,DC0064,Command Execution,291,291,True,True,True,exact_event_observed,3,BOTS | EVTX
T1552.004,Private Keys,DC0102,Network Share Access,7,7,True,True,True,exact_event_observed,3,BOTS | EVTX
T1552.005,Cloud Instance Metadata API,DC0070,Cloud Service Metadata,10,10,False,False,True,source_observed,2,BOTS
T1552.005,Cloud Instance Metadata API,DC0082,Network Connection Creation,98,98,True,True,True,exact_event_observed,3,BOTS | EVTX
T1552.005,Cloud Instance Metadata API,DC0085,Network Traffic Content,279,279,True,False,True,source_observed,2,BOTS | EVTX
T1552.006,Group Policy Preferences,DC0029,Script Execution,32,32,True,True,True,exact_event_observed,3,BOTS | EVTX
T1552.006,Group Policy Preferences,DC0032,Process Creation,333,333,True,True,True,exact_event_observed,3,BOTS | EVTX
T1552.006,Group Policy Preferences,DC0039,File Creation,128,128,True,True,True,exact_event_observed,3,BOTS | EVTX
T1552.006,Group Policy Preferences,DC0102,Network Share Access,7,7,True,True,True,exact_event_observed,3,BOTS | EVTX
T1552.007,Container API,DC0002,User Account Authentication,109,109,True,True,True,exact_event_observed,3,BOTS | EVTX
T1552.007,Container API,DC0032,Process Creation,333,333,True,True,True,exact_event_observed,3,BOTS | EVTX
T1552.007,Container API,DC0038,Application Log Content,229,229,True,True,True,exact_event_observed,3,BOTS | EVTX
T1552.007,Container API,DC0064,Command Execution,291,291,True,True,True,exact_event_observed,3,BOTS | EVTX
T1552.008,Chat Messages,DC0002,User Account Authentication,109,109,True,True,True,exact_event_observed,3,BOTS | EVTX
T1552.008,Chat Messages,DC0038,Application Log Content,229,229,True,True,True,exact_event_observed,3,BOTS | EVTX
T1553,Subvert Trust Controls,DC0032,Process Creation,333,333,True,True,True,exact_event_observed,3,BOTS | EVTX
T1553,Subvert Trust Controls,DC0039,File Creation,128,128,True,True,True,exact_event_observed,3,BOTS | EVTX
T1553,Subvert Trust Controls,DC0059,File Metadata,91,91,True,True,True,exact_event_observed,3,BOTS | EVTX
T1553,Subvert Trust Controls,DC0063,Windows Registry Key Modification,9,9,True,True,True,exact_event_observed,3,BOTS | EVTX
T1553,Subvert Trust Controls,DC0064,Command Execution,291,291,True,True,True,exact_event_observed,3,BOTS | EVTX
T1553.001,Gatekeeper Bypass,DC0032,Process Creation,333,333,True,True,True,exact_event_observed,3,BOTS | EVTX
T1553.001,Gatekeeper Bypass,DC0059,File Metadata,91,91,True,True,True,exact_event_observed,3,BOTS | EVTX
T1553.001,Gatekeeper Bypass,DC0061,File Modification,150,150,True,True,True,exact_event_observed,3,BOTS | EVTX
T1553.002,Code Signing,DC0016,Module Load,45,45,True,True,True,exact_event_observed,3,BOTS | EVTX
T1553.002,Code Signing,DC0032,Process Creation,333,333,True,True,True,exact_event_observed,3,BOTS | EVTX
T1553.002,Code Signing,DC0059,File Metadata,91,91,True,True,True,exact_event_observed,3,BOTS | EVTX
T1553.003,SIP and Trust Provider Hijacking,DC0016,Module Load,45,45,True,True,True,exact_event_observed,3,BOTS | EVTX
T1553.003,SIP and Trust Provider Hijacking,DC0061,File Modification,150,150,True,True,True,exact_event_observed,3,BOTS | EVTX
T1553.003,SIP and Trust Provider Hijacking,DC0063,Windows Registry Key Modification,9,9,True,True,True,exact_event_observed,3,BOTS | EVTX
T1553.004,Install Root Certificate,DC0032,Process Creation,333,333,True,True,True,exact_event_observed,3,BOTS | EVTX
T1553.004,Install Root Certificate,DC0056,Windows Registry Key Creation,1,1,True,True,True,exact_event_observed,3,BOTS | EVTX
T1553.004,Install Root Certificate,DC0061,File Modification,150,150,True,True,True,exact_event_observed,3,BOTS | EVTX
T1553.004,Install Root Certificate,DC0063,Windows Registry Key Modification,9,9,True,True,True,exact_event_observed,3,BOTS | EVTX
T1553.004,Install Root Certificate,DC0064,Command Execution,291,291,True,True,True,exact_event_observed,3,BOTS | EVTX
T1553.005,Mark-of-the-Web Bypass,DC0039,File Creation,128,128,True,True,True,exact_event_observed,3,BOTS | EVTX
T1553.005,Mark-of-the-Web Bypass,DC0055,File Access,113,113,True,True,True,exact_event_observed,3,BOTS | EVTX
T1553.005,Mark-of-the-Web Bypass,DC0059,File Metadata,91,91,True,True,True,exact_event_observed,3,BOTS | EVTX
T1553.006,Code Signing Policy Modification,DC0032,Process Creation,333,333,True,True,True,exact_event_observed,3,BOTS | EVTX
T1553.006,Code Signing Policy Modification,DC0063,Windows Registry Key Modification,9,9,True,True,True,exact_event_observed,3,BOTS | EVTX
T1553.006,Code Signing Policy Modification,DC0064,Command Execution,291,291,True,True,True,exact_event_observed,3,BOTS | EVTX
T1554,Compromise Host Software Binary,DC0016,Module Load,45,45,True,True,True,exact_event_observed,3,BOTS | EVTX
T1554,Compromise Host Software Binary,DC0032,Process Creation,333,333,True,True,True,exact_event_observed,3,BOTS | EVTX
T1554,Compromise Host Software Binary,DC0039,File Creation,128,128,True,True,True,exact_event_observed,3,BOTS | EVTX
T1554,Compromise Host Software Binary,DC0061,File Modification,150,150,True,True,True,exact_event_observed,3,BOTS | EVTX
T1555,Credentials from Password Stores,DC0021,OS API Execution,170,170,True,True,True,exact_event_observed,3,BOTS | EVTX
T1555,Credentials from Password Stores,DC0032,Process Creation,333,333,True,True,True,exact_event_observed,3,BOTS | EVTX
T1555,Credentials from Password Stores,DC0035,Process Access,35,35,True,True,True,exact_event_observed,3,BOTS | EVTX
T1555,Credentials from Password Stores,DC0055,File Access,113,113,True,True,True,exact_event_observed,3,BOTS | EVTX
T1555,Credentials from Password Stores,DC0083,Cloud Service Enumeration,12,12,False,False,True,source_observed,2,BOTS
T1555.001,Keychain,DC0021,OS API Execution,170,170,True,True,True,exact_event_observed,3,BOTS | EVTX
T1555.001,Keychain,DC0032,Process Creation,333,333,True,True,True,exact_event_observed,3,BOTS | EVTX
T1555.001,Keychain,DC0055,File Access,113,113,True,True,True,exact_event_observed,3,BOTS | EVTX
T1555.002,Securityd Memory,DC0032,Process Creation,333,333,True,True,True,exact_event_observed,3,BOTS | EVTX
T1555.002,Securityd Memory,DC0035,Process Access,35,35,True,True,True,exact_event_observed,3,BOTS | EVTX
T1555.002,Securityd Memory,DC0055,File Access,113,113,True,True,True,exact_event_observed,3,BOTS | EVTX
T1555.002,Securityd Memory,DC0064,Command Execution,291,291,True,True,True,exact_event_observed,3,BOTS | EVTX
T1555.003,Credentials from Web Browsers,DC0032,Process Creation,333,333,True,True,True,exact_event_observed,3,BOTS | EVTX
T1555.003,Credentials from Web Browsers,DC0035,Process Access,35,35,True,True,True,exact_event_observed,3,BOTS | EVTX
T1555.003,Credentials from Web Browsers,DC0055,File Access,113,113,True,True,True,exact_event_observed,3,BOTS | EVTX
T1555.004,Windows Credential Manager,DC0032,Process Creation,333,333,True,True,True,exact_event_observed,3,BOTS | EVTX
T1555.004,Windows Credential Manager,DC0035,Process Access,35,35,True,True,True,exact_event_observed,3,BOTS | EVTX
T1555.004,Windows Credential Manager,DC0059,File Metadata,91,91,True,True,True,exact_event_observed,3,BOTS | EVTX
T1555.005,Password Managers,DC0032,Process Creation,333,333,True,True,True,exact_event_observed,3,BOTS | EVTX
T1555.005,Password Managers,DC0035,Process Access,35,35,True,True,True,exact_event_observed,3,BOTS | EVTX
T1555.005,Password Managers,DC0055,File Access,113,113,True,True,True,exact_event_observed,3,BOTS | EVTX
T1555.005,Password Managers,DC0059,File Metadata,91,91,True,True,True,exact_event_observed,3,BOTS | EVTX
T1555.006,Cloud Secrets Management Stores,DC0083,Cloud Service Enumeration,12,12,False,False,True,source_observed,2,BOTS
T1556,Modify Authentication Process,DC0010,User Account Modification,41,41,True,True,True,exact_event_observed,3,BOTS | EVTX
T1556,Modify Authentication Process,DC0016,Module Load,45,45,True,True,True,exact_event_observed,3,BOTS | EVTX
T1556,Modify Authentication Process,DC0032,Process Creation,333,333,True,True,True,exact_event_observed,3,BOTS | EVTX
T1556,Modify Authentication Process,DC0035,Process Access,35,35,True,True,True,exact_event_observed,3,BOTS | EVTX
T1556,Modify Authentication Process,DC0061,File Modification,150,150,True,True,True,exact_event_observed,3,BOTS | EVTX
T1556,Modify Authentication Process,DC0063,Windows Registry Key Modification,9,9,True,True,True,exact_event_observed,3,BOTS | EVTX
T1556,Modify Authentication Process,DC0069,Cloud Service Modification,31,31,False,False,True,source_observed,2,BOTS
T1556.001,Domain Controller Authentication,DC0016,Module Load,45,45,True,True,True,exact_event_observed,3,BOTS | EVTX
T1556.001,Domain Controller Authentication,DC0035,Process Access,35,35,True,True,True,exact_event_observed,3,BOTS | EVTX
T1556.001,Domain Controller Authentication,DC0061,File Modification,150,150,True,True,True,exact_event_observed,3,BOTS | EVTX
T1556.001,Domain Controller Authentication,DC0067,Logon Session Creation,67,67,True,True,True,exact_event_observed,3,BOTS | EVTX
T1556.002,Password Filter DLL,DC0016,Module Load,45,45,True,True,True,exact_event_observed,3,BOTS | EVTX
T1556.002,Password Filter DLL,DC0039,File Creation,128,128,True,True,True,exact_event_observed,3,BOTS | EVTX
T1556.002,Password Filter DLL,DC0063,Windows Registry Key Modification,9,9,True,True,True,exact_event_observed,3,BOTS | EVTX
T1556.003,Pluggable Authentication Modules,DC0032,Process Creation,333,333,True,True,True,exact_event_observed,3,BOTS | EVTX
T1556.003,Pluggable Authentication Modules,DC0061,File Modification,150,150,True,True,True,exact_event_observed,3,BOTS | EVTX
T1556.003,Pluggable Authentication Modules,DC0067,Logon Session Creation,67,67,True,True,True,exact_event_observed,3,BOTS | EVTX
T1556.004,Network Device Authentication,DC0002,User Account Authentication,109,109,True,True,True,exact_event_observed,3,BOTS | EVTX
T1556.004,Network Device Authentication,DC0061,File Modification,150,150,True,True,True,exact_event_observed,3,BOTS | EVTX
T1556.005,Reversible Encryption,DC0032,Process Creation,333,333,True,True,True,exact_event_observed,3,BOTS | EVTX
T1556.005,Reversible Encryption,DC0064,Command Execution,291,291,True,True,True,exact_event_observed,3,BOTS | EVTX
T1556.005,Reversible Encryption,DC0066,Active Directory Object Modification,11,11,True,True,True,exact_event_observed,3,BOTS | EVTX
T1556.006,Multi-Factor Authentication,DC0002,User Account Authentication,109,109,True,True,True,exact_event_observed,3,BOTS | EVTX
T1556.006,Multi-Factor Authentication,DC0010,User Account Modification,41,41,True,True,True,exact_event_observed,3,BOTS | EVTX
T1556.006,Multi-Factor Authentication,DC0029,Script Execution,32,32,True,True,True,exact_event_observed,3,BOTS | EVTX
T1556.006,Multi-Factor Authentication,DC0038,Application Log Content,229,229,True,True,True,exact_event_observed,3,BOTS | EVTX
T1556.006,Multi-Factor Authentication,DC0061,File Modification,150,150,True,True,True,exact_event_observed,3,BOTS | EVTX
T1556.006,Multi-Factor Authentication,DC0066,Active Directory Object Modification,11,11,True,True,True,exact_event_observed,3,BOTS | EVTX
T1556.006,Multi-Factor Authentication,DC0069,Cloud Service Modification,31,31,False,False,True,source_observed,2,BOTS
T1556.007,Hybrid Identity,DC0010,User Account Modification,41,41,True,True,True,exact_event_observed,3,BOTS | EVTX
T1556.007,Hybrid Identity,DC0016,Module Load,45,45,True,True,True,exact_event_observed,3,BOTS | EVTX
T1556.007,Hybrid Identity,DC0038,Application Log Content,229,229,True,True,True,exact_event_observed,3,BOTS | EVTX
T1556.007,Hybrid Identity,DC0066,Active Directory Object Modification,11,11,True,True,True,exact_event_observed,3,BOTS | EVTX
T1556.007,Hybrid Identity,DC0067,Logon Session Creation,67,67,True,True,True,exact_event_observed,3,BOTS | EVTX
T1556.007,Hybrid Identity,DC0069,Cloud Service Modification,31,31,False,False,True,source_observed,2,BOTS
T1556.008,Network Provider DLL,DC0016,Module Load,45,45,True,True,True,exact_event_observed,3,BOTS | EVTX
T1556.008,Network Provider DLL,DC0035,Process Access,35,35,True,True,True,exact_event_observed,3,BOTS | EVTX
T1556.008,Network Provider DLL,DC0039,File Creation,128,128,True,True,True,exact_event_observed,3,BOTS | EVTX
T1556.008,Network Provider DLL,DC0063,Windows Registry Key Modification,9,9,True,True,True,exact_event_observed,3,BOTS | EVTX
T1556.009,Conditional Access Policies,DC0038,Application Log Content,229,229,True,True,True,exact_event_observed,3,BOTS | EVTX
T1556.009,Conditional Access Policies,DC0066,Active Directory Object Modification,11,11,True,True,True,exact_event_observed,3,BOTS | EVTX
T1556.009,Conditional Access Policies,DC0069,Cloud Service Modification,31,31,False,False,True,source_observed,2,BOTS
T1557,Adversary-in-the-Middle,DC0038,Application Log Content,229,229,True,True,True,exact_event_observed,3,BOTS | EVTX
T1557,Adversary-in-the-Middle,DC0061,File Modification,150,150,True,True,True,exact_event_observed,3,BOTS | EVTX
T1557,Adversary-in-the-Middle,DC0063,Windows Registry Key Modification,9,9,True,True,True,exact_event_observed,3,BOTS | EVTX
T1557,Adversary-in-the-Middle,DC0078,Network Traffic Flow,159,159,True,False,True,source_observed,2,BOTS | EVTX
T1557,Adversary-in-the-Middle,DC0082,Network Connection Creation,98,98,True,True,True,exact_event_observed,3,BOTS | EVTX
T1557,Adversary-in-the-Middle,DC0085,Network Traffic Content,279,279,True,False,True,source_observed,2,BOTS | EVTX
T1557.001,Name Resolution Poisoning and SMB Relay,DC0060,Service Creation,15,15,True,True,True,exact_event_observed,3,BOTS | EVTX
T1557.001,Name Resolution Poisoning and SMB Relay,DC0063,Windows Registry Key Modification,9,9,True,True,True,exact_event_observed,3,BOTS | EVTX
T1557.001,Name Resolution Poisoning and SMB Relay,DC0078,Network Traffic Flow,159,159,True,False,True,source_observed,2,BOTS | EVTX
T1557.001,Name Resolution Poisoning and SMB Relay,DC0085,Network Traffic Content,279,279,True,False,True,source_observed,2,BOTS | EVTX
T1557.002,ARP Cache Poisoning,DC0078,Network Traffic Flow,159,159,True,False,True,source_observed,2,BOTS | EVTX
T1557.002,ARP Cache Poisoning,DC0082,Network Connection Creation,98,98,True,True,True,exact_event_observed,3,BOTS | EVTX
T1557.002,ARP Cache Poisoning,DC0085,Network Traffic Content,279,279,True,False,True,source_observed,2,BOTS | EVTX
T1557.003,DHCP Spoofing,DC0038,Application Log Content,229,229,True,True,True,exact_event_observed,3,BOTS | EVTX
T1557.003,DHCP Spoofing,DC0078,Network Traffic Flow,159,159,True,False,True,source_observed,2,BOTS | EVTX
T1557.003,DHCP Spoofing,DC0085,Network Traffic Content,279,279,True,False,True,source_observed,2,BOTS | EVTX
T1557.004,Evil Twin,DC0038,Application Log Content,229,229,True,True,True,exact_event_observed,3,BOTS | EVTX
T1557.004,Evil Twin,DC0078,Network Traffic Flow,159,159,True,False,True,source_observed,2,BOTS | EVTX
T1557.004,Evil Twin,DC0085,Network Traffic Content,279,279,True,False,True,source_observed,2,BOTS | EVTX
T1558,Steal or Forge Kerberos Tickets,DC0035,Process Access,35,35,True,True,True,exact_event_observed,3,BOTS | EVTX
T1558,Steal or Forge Kerberos Tickets,DC0055,File Access,113,113,True,True,True,exact_event_observed,3,BOTS | EVTX
T1558,Steal or Forge Kerberos Tickets,DC0084,Active Directory Credential Request,5,5,True,True,True,exact_event_observed,3,BOTS | EVTX
T1558,Steal or Forge Kerberos Tickets,DC0088,Logon Session Metadata,34,34,True,True,True,exact_event_observed,3,BOTS | EVTX
T1558.001,Golden Ticket,DC0035,Process Access,35,35,True,True,True,exact_event_observed,3,BOTS | EVTX
T1558.001,Golden Ticket,DC0084,Active Directory Credential Request,5,5,True,True,True,exact_event_observed,3,BOTS | EVTX
T1558.001,Golden Ticket,DC0088,Logon Session Metadata,34,34,True,True,True,exact_event_observed,3,BOTS | EVTX
T1558.002,Silver Ticket,DC0035,Process Access,35,35,True,True,True,exact_event_observed,3,BOTS | EVTX
T1558.002,Silver Ticket,DC0084,Active Directory Credential Request,5,5,True,True,True,exact_event_observed,3,BOTS | EVTX
T1558.002,Silver Ticket,DC0088,Logon Session Metadata,34,34,True,True,True,exact_event_observed,3,BOTS | EVTX
T1558.003,Kerberoasting,DC0035,Process Access,35,35,True,True,True,exact_event_observed,3,BOTS | EVTX
T1558.003,Kerberoasting,DC0067,Logon Session Creation,67,67,True,True,True,exact_event_observed,3,BOTS | EVTX
T1558.003,Kerberoasting,DC0084,Active Directory Credential Request,5,5,True,True,True,exact_event_observed,3,BOTS | EVTX
T1558.003,Kerberoasting,DC0088,Logon Session Metadata,34,34,True,True,True,exact_event_observed,3,BOTS | EVTX
T1558.004,AS-REP Roasting,DC0032,Process Creation,333,333,True,True,True,exact_event_observed,3,BOTS | EVTX
T1558.004,AS-REP Roasting,DC0084,Active Directory Credential Request,5,5,True,True,True,exact_event_observed,3,BOTS | EVTX
T1558.005,Ccache Files,DC0032,Process Creation,333,333,True,True,True,exact_event_observed,3,BOTS | EVTX
T1558.005,Ccache Files,DC0055,File Access,113,113,True,True,True,exact_event_observed,3,BOTS | EVTX
T1559,Inter-Process Communication,DC0029,Script Execution,32,32,True,True,True,exact_event_observed,3,BOTS | EVTX
T1559,Inter-Process Communication,DC0032,Process Creation,333,333,True,True,True,exact_event_observed,3,BOTS | EVTX
T1559,Inter-Process Communication,DC0035,Process Access,35,35,True,True,True,exact_event_observed,3,BOTS | EVTX
T1559,Inter-Process Communication,DC0048,Named Pipe Metadata,2,2,True,True,True,exact_event_observed,3,BOTS | EVTX
T1559,Inter-Process Communication,DC0055,File Access,113,113,True,True,True,exact_event_observed,3,BOTS | EVTX
T1559.001,Component Object Model,DC0016,Module Load,45,45,True,True,True,exact_event_observed,3,BOTS | EVTX
T1559.001,Component Object Model,DC0032,Process Creation,333,333,True,True,True,exact_event_observed,3,BOTS | EVTX
T1559.001,Component Object Model,DC0050,Windows Registry Key Access,4,4,True,True,True,exact_event_observed,3,BOTS | EVTX
T1559.002,Dynamic Data Exchange,DC0016,Module Load,45,45,True,True,True,exact_event_observed,3,BOTS | EVTX
T1559.002,Dynamic Data Exchange,DC0032,Process Creation,333,333,True,True,True,exact_event_observed,3,BOTS | EVTX
T1559.002,Dynamic Data Exchange,DC0050,Windows Registry Key Access,4,4,True,True,True,exact_event_observed,3,BOTS | EVTX
T1559.003,XPC Services,DC0032,Process Creation,333,333,True,True,True,exact_event_observed,3,BOTS | EVTX
T1559.003,XPC Services,DC0035,Process Access,35,35,True,True,True,exact_event_observed,3,BOTS | EVTX
T1559.003,XPC Services,DC0048,Named Pipe Metadata,2,2,True,True,True,exact_event_observed,3,BOTS | EVTX
T1560,Archive Collected Data,DC0016,Module Load,45,45,True,True,True,exact_event_observed,3,BOTS | EVTX
T1560,Archive Collected Data,DC0032,Process Creation,333,333,True,True,True,exact_event_observed,3,BOTS | EVTX
T1560,Archive Collected Data,DC0039,File Creation,128,128,True,True,True,exact_event_observed,3,BOTS | EVTX
T1560,Archive Collected Data,DC0064,Command Execution,291,291,True,True,True,exact_event_observed,3,BOTS | EVTX
T1560.001,Archive via Utility,DC0016,Module Load,45,45,True,True,True,exact_event_observed,3,BOTS | EVTX
T1560.001,Archive via Utility,DC0032,Process Creation,333,333,True,True,True,exact_event_observed,3,BOTS | EVTX
T1560.001,Archive via Utility,DC0039,File Creation,128,128,True,True,True,exact_event_observed,3,BOTS | EVTX
T1560.001,Archive via Utility,DC0064,Command Execution,291,291,True,True,True,exact_event_observed,3,BOTS | EVTX
T1560.002,Archive via Library,DC0016,Module Load,45,45,True,True,True,exact_event_observed,3,BOTS | EVTX
T1560.002,Archive via Library,DC0032,Process Creation,333,333,True,True,True,exact_event_observed,3,BOTS | EVTX
T1560.002,Archive via Library,DC0039,File Creation,128,128,True,True,True,exact_event_observed,3,BOTS | EVTX
T1560.002,Archive via Library,DC0064,Command Execution,291,291,True,True,True,exact_event_observed,3,BOTS | EVTX
T1560.003,Archive via Custom Method,DC0020,Process Modification,19,19,True,True,True,exact_event_observed,3,BOTS | EVTX
T1560.003,Archive via Custom Method,DC0032,Process Creation,333,333,True,True,True,exact_event_observed,3,BOTS | EVTX
T1560.003,Archive via Custom Method,DC0035,Process Access,35,35,True,True,True,exact_event_observed,3,BOTS | EVTX
T1560.003,Archive via Custom Method,DC0039,File Creation,128,128,True,True,True,exact_event_observed,3,BOTS | EVTX
T1560.003,Archive via Custom Method,DC0064,Command Execution,291,291,True,True,True,exact_event_observed,3,BOTS | EVTX
T1561,Disk Wipe,DC0002,User Account Authentication,109,109,True,True,True,exact_event_observed,3,BOTS | EVTX
T1561,Disk Wipe,DC0013,User Account Metadata,29,29,True,True,True,exact_event_observed,3,BOTS | EVTX
T1561,Disk Wipe,DC0032,Process Creation,333,333,True,True,True,exact_event_observed,3,BOTS | EVTX
T1561,Disk Wipe,DC0046,Drive Modification,10,10,False,False,True,source_observed,2,BOTS | EVTX
T1561,Disk Wipe,DC0054,Drive Access,8,8,True,True,True,exact_event_observed,3,BOTS | EVTX
T1561,Disk Wipe,DC0064,Command Execution,291,291,True,True,True,exact_event_observed,3,BOTS | EVTX
T1561,Disk Wipe,DC0079,Driver Load,3,3,True,True,True,exact_event_observed,3,BOTS | EVTX
T1561.001,Disk Content Wipe,DC0002,User Account Authentication,109,109,True,True,True,exact_event_observed,3,BOTS | EVTX
T1561.001,Disk Content Wipe,DC0013,User Account Metadata,29,29,True,True,True,exact_event_observed,3,BOTS | EVTX
T1561.001,Disk Content Wipe,DC0032,Process Creation,333,333,True,True,True,exact_event_observed,3,BOTS | EVTX
T1561.001,Disk Content Wipe,DC0046,Drive Modification,10,10,False,False,True,source_observed,2,BOTS | EVTX
T1561.001,Disk Content Wipe,DC0054,Drive Access,8,8,True,True,True,exact_event_observed,3,BOTS | EVTX
T1561.001,Disk Content Wipe,DC0064,Command Execution,291,291,True,True,True,exact_event_observed,3,BOTS | EVTX
T1561.001,Disk Content Wipe,DC0079,Driver Load,3,3,True,True,True,exact_event_observed,3,BOTS | EVTX
T1561.002,Disk Structure Wipe,DC0002,User Account Authentication,109,109,True,True,True,exact_event_observed,3,BOTS | EVTX
T1561.002,Disk Structure Wipe,DC0013,User Account Metadata,29,29,True,True,True,exact_event_observed,3,BOTS | EVTX
T1561.002,Disk Structure Wipe,DC0032,Process Creation,333,333,True,True,True,exact_event_observed,3,BOTS | EVTX
T1561.002,Disk Structure Wipe,DC0046,Drive Modification,10,10,False,False,True,source_observed,2,BOTS | EVTX
T1561.002,Disk Structure Wipe,DC0054,Drive Access,8,8,True,True,True,exact_event_observed,3,BOTS | EVTX
T1561.002,Disk Structure Wipe,DC0064,Command Execution,291,291,True,True,True,exact_event_observed,3,BOTS | EVTX
T1561.002,Disk Structure Wipe,DC0079,Driver Load,3,3,True,True,True,exact_event_observed,3,BOTS | EVTX
T1563,Remote Service Session Hijacking,DC0032,Process Creation,333,333,True,True,True,exact_event_observed,3,BOTS | EVTX
T1563,Remote Service Session Hijacking,DC0064,Command Execution,291,291,True,True,True,exact_event_observed,3,BOTS | EVTX
T1563,Remote Service Session Hijacking,DC0067,Logon Session Creation,67,67,True,True,True,exact_event_observed,3,BOTS | EVTX
T1563,Remote Service Session Hijacking,DC0078,Network Traffic Flow,159,159,True,False,True,source_observed,2,BOTS | EVTX
T1563,Remote Service Session Hijacking,DC0082,Network Connection Creation,98,98,True,True,True,exact_event_observed,3,BOTS | EVTX
T1563,Remote Service Session Hijacking,DC0085,Network Traffic Content,279,279,True,False,True,source_observed,2,BOTS | EVTX
T1563.001,SSH Hijacking,DC0032,Process Creation,333,333,True,True,True,exact_event_observed,3,BOTS | EVTX
T1563.001,SSH Hijacking,DC0034,Process Metadata,45,45,True,False,True,source_observed,2,BOTS | EVTX
T1563.001,SSH Hijacking,DC0067,Logon Session Creation,67,67,True,True,True,exact_event_observed,3,BOTS | EVTX
T1563.001,SSH Hijacking,DC0082,Network Connection Creation,98,98,True,True,True,exact_event_observed,3,BOTS | EVTX
T1563.002,RDP Hijacking,DC0032,Process Creation,333,333,True,True,True,exact_event_observed,3,BOTS | EVTX
T1563.002,RDP Hijacking,DC0060,Service Creation,15,15,True,True,True,exact_event_observed,3,BOTS | EVTX
T1563.002,RDP Hijacking,DC0067,Logon Session Creation,67,67,True,True,True,exact_event_observed,3,BOTS | EVTX
T1563.002,RDP Hijacking,DC0082,Network Connection Creation,98,98,True,True,True,exact_event_observed,3,BOTS | EVTX
T1564,Hide Artifacts,DC0032,Process Creation,333,333,True,True,True,exact_event_observed,3,BOTS | EVTX
T1564,Hide Artifacts,DC0038,Application Log Content,229,229,True,True,True,exact_event_observed,3,BOTS | EVTX
T1564,Hide Artifacts,DC0039,File Creation,128,128,True,True,True,exact_event_observed,3,BOTS | EVTX
T1564,Hide Artifacts,DC0059,File Metadata,91,91,True,True,True,exact_event_observed,3,BOTS | EVTX
T1564,Hide Artifacts,DC0063,Windows Registry Key Modification,9,9,True,True,True,exact_event_observed,3,BOTS | EVTX
T1564,Hide Artifacts,DC0064,Command Execution,291,291,True,True,True,exact_event_observed,3,BOTS | EVTX
T1564.001,Hidden Files and Directories,DC0032,Process Creation,333,333,True,True,True,exact_event_observed,3,BOTS | EVTX
T1564.001,Hidden Files and Directories,DC0039,File Creation,128,128,True,True,True,exact_event_observed,3,BOTS | EVTX
T1564.001,Hidden Files and Directories,DC0059,File Metadata,91,91,True,True,True,exact_event_observed,3,BOTS | EVTX
T1564.001,Hidden Files and Directories,DC0064,Command Execution,291,291,True,True,True,exact_event_observed,3,BOTS | EVTX
T1564.002,Hidden Users,DC0013,User Account Metadata,29,29,True,True,True,exact_event_observed,3,BOTS | EVTX
T1564.002,Hidden Users,DC0014,User Account Creation,11,11,True,True,True,exact_event_observed,3,BOTS | EVTX
T1564.002,Hidden Users,DC0061,File Modification,150,150,True,True,True,exact_event_observed,3,BOTS | EVTX
T1564.002,Hidden Users,DC0063,Windows Registry Key Modification,9,9,True,True,True,exact_event_observed,3,BOTS | EVTX
T1564.002,Hidden Users,DC0064,Command Execution,291,291,True,True,True,exact_event_observed,3,BOTS | EVTX
T1564.003,Hidden Window,DC0032,Process Creation,333,333,True,True,True,exact_event_observed,3,BOTS | EVTX
T1564.003,Hidden Window,DC0034,Process Metadata,45,45,True,False,True,source_observed,2,BOTS | EVTX
T1564.003,Hidden Window,DC0061,File Modification,150,150,True,True,True,exact_event_observed,3,BOTS | EVTX
T1564.003,Hidden Window,DC0063,Windows Registry Key Modification,9,9,True,True,True,exact_event_observed,3,BOTS | EVTX
T1564.003,Hidden Window,DC0064,Command Execution,291,291,True,True,True,exact_event_observed,3,BOTS | EVTX
T1564.004,NTFS File Attributes,DC0021,OS API Execution,170,170,True,True,True,exact_event_observed,3,BOTS | EVTX
T1564.004,NTFS File Attributes,DC0032,Process Creation,333,333,True,True,True,exact_event_observed,3,BOTS | EVTX
T1564.004,NTFS File Attributes,DC0039,File Creation,128,128,True,True,True,exact_event_observed,3,BOTS | EVTX
T1564.004,NTFS File Attributes,DC0059,File Metadata,91,91,True,True,True,exact_event_observed,3,BOTS | EVTX
T1564.005,Hidden File System,DC0004,Firmware Modification,19,19,False,False,True,source_observed,2,BOTS | EVTX
T1564.005,Hidden File System,DC0032,Process Creation,333,333,True,True,True,exact_event_observed,3,BOTS | EVTX
T1564.005,Hidden File System,DC0061,File Modification,150,150,True,True,True,exact_event_observed,3,BOTS | EVTX
T1564.005,Hidden File System,DC0063,Windows Registry Key Modification,9,9,True,True,True,exact_event_observed,3,BOTS | EVTX
T1564.005,Hidden File System,DC0064,Command Execution,291,291,True,True,True,exact_event_observed,3,BOTS | EVTX
T1564.006,Run Virtual Instance,DC0028,Image Metadata,3,3,False,False,False,not_observed,0,
T1564.006,Run Virtual Instance,DC0032,Process Creation,333,333,True,True,True,exact_event_observed,3,BOTS | EVTX
T1564.006,Run Virtual Instance,DC0039,File Creation,128,128,True,True,True,exact_event_observed,3,BOTS | EVTX
T1564.006,Run Virtual Instance,DC0060,Service Creation,15,15,True,True,True,exact_event_observed,3,BOTS | EVTX
T1564.006,Run Virtual Instance,DC0061,File Modification,150,150,True,True,True,exact_event_observed,3,BOTS | EVTX
T1564.006,Run Virtual Instance,DC0063,Windows Registry Key Modification,9,9,True,True,True,exact_event_observed,3,BOTS | EVTX
T1564.006,Run Virtual Instance,DC0064,Command Execution,291,291,True,True,True,exact_event_observed,3,BOTS | EVTX
T1564.007,VBA Stomping,DC0032,Process Creation,333,333,True,True,True,exact_event_observed,3,BOTS | EVTX
T1564.007,VBA Stomping,DC0039,File Creation,128,128,True,True,True,exact_event_observed,3,BOTS | EVTX
T1564.007,VBA Stomping,DC0059,File Metadata,91,91,True,True,True,exact_event_observed,3,BOTS | EVTX
T1564.008,Email Hiding Rules,DC0032,Process Creation,333,333,True,True,True,exact_event_observed,3,BOTS | EVTX
T1564.008,Email Hiding Rules,DC0038,Application Log Content,229,229,True,True,True,exact_event_observed,3,BOTS | EVTX
T1564.008,Email Hiding Rules,DC0061,File Modification,150,150,True,True,True,exact_event_observed,3,BOTS | EVTX
T1564.008,Email Hiding Rules,DC0064,Command Execution,291,291,True,True,True,exact_event_observed,3,BOTS | EVTX
T1564.009,Resource Forking,DC0032,Process Creation,333,333,True,True,True,exact_event_observed,3,BOTS | EVTX
T1564.009,Resource Forking,DC0059,File Metadata,91,91,True,True,True,exact_event_observed,3,BOTS | EVTX
T1564.009,Resource Forking,DC0064,Command Execution,291,291,True,True,True,exact_event_observed,3,BOTS | EVTX
T1564.010,Process Argument Spoofing,DC0032,Process Creation,333,333,True,True,True,exact_event_observed,3,BOTS | EVTX
T1564.010,Process Argument Spoofing,DC0035,Process Access,35,35,True,True,True,exact_event_observed,3,BOTS | EVTX
T1564.011,Ignore Process Interrupts,DC0032,Process Creation,333,333,True,True,True,exact_event_observed,3,BOTS | EVTX
T1564.011,Ignore Process Interrupts,DC0064,Command Execution,291,291,True,True,True,exact_event_observed,3,BOTS | EVTX
T1564.012,File/Path Exclusions,DC0032,Process Creation,333,333,True,True,True,exact_event_observed,3,BOTS | EVTX
T1564.012,File/Path Exclusions,DC0039,File Creation,128,128,True,True,True,exact_event_observed,3,BOTS | EVTX
T1564.012,File/Path Exclusions,DC0055,File Access,113,113,True,True,True,exact_event_observed,3,BOTS | EVTX
T1564.012,File/Path Exclusions,DC0059,File Metadata,91,91,True,True,True,exact_event_observed,3,BOTS | EVTX
T1564.013,Bind Mounts,DC0021,OS API Execution,170,170,True,True,True,exact_event_observed,3,BOTS | EVTX
T1564.013,Bind Mounts,DC0034,Process Metadata,45,45,True,False,True,source_observed,2,BOTS | EVTX
T1564.013,Bind Mounts,DC0039,File Creation,128,128,True,True,True,exact_event_observed,3,BOTS | EVTX
T1564.014,Extended Attributes,DC0059,File Metadata,91,91,True,True,True,exact_event_observed,3,BOTS | EVTX
T1564.014,Extended Attributes,DC0064,Command Execution,291,291,True,True,True,exact_event_observed,3,BOTS | EVTX
T1565,Data Manipulation,DC0021,OS API Execution,170,170,True,True,True,exact_event_observed,3,BOTS | EVTX
T1565,Data Manipulation,DC0039,File Creation,128,128,True,True,True,exact_event_observed,3,BOTS | EVTX
T1565,Data Manipulation,DC0055,File Access,113,113,True,True,True,exact_event_observed,3,BOTS | EVTX
T1565,Data Manipulation,DC0059,File Metadata,91,91,True,True,True,exact_event_observed,3,BOTS | EVTX
T1565,Data Manipulation,DC0061,File Modification,150,150,True,True,True,exact_event_observed,3,BOTS | EVTX
T1565,Data Manipulation,DC0085,Network Traffic Content,279,279,True,False,True,source_observed,2,BOTS | EVTX
T1565.001,Stored Data Manipulation,DC0039,File Creation,128,128,True,True,True,exact_event_observed,3,BOTS | EVTX
T1565.001,Stored Data Manipulation,DC0040,File Deletion,25,25,True,True,True,exact_event_observed,3,BOTS | EVTX
T1565.001,Stored Data Manipulation,DC0059,File Metadata,91,91,True,True,True,exact_event_observed,3,BOTS | EVTX
T1565.001,Stored Data Manipulation,DC0061,File Modification,150,150,True,True,True,exact_event_observed,3,BOTS | EVTX
T1565.002,Transmitted Data Manipulation,DC0021,OS API Execution,170,170,True,True,True,exact_event_observed,3,BOTS | EVTX
T1565.002,Transmitted Data Manipulation,DC0059,File Metadata,91,91,True,True,True,exact_event_observed,3,BOTS | EVTX
T1565.002,Transmitted Data Manipulation,DC0078,Network Traffic Flow,159,159,True,False,True,source_observed,2,BOTS | EVTX
T1565.002,Transmitted Data Manipulation,DC0082,Network Connection Creation,98,98,True,True,True,exact_event_observed,3,BOTS | EVTX
T1565.002,Transmitted Data Manipulation,DC0085,Network Traffic Content,279,279,True,False,True,source_observed,2,BOTS | EVTX
T1565.003,Runtime Data Manipulation,DC0021,OS API Execution,170,170,True,True,True,exact_event_observed,3,BOTS | EVTX
T1565.003,Runtime Data Manipulation,DC0039,File Creation,128,128,True,True,True,exact_event_observed,3,BOTS | EVTX
T1565.003,Runtime Data Manipulation,DC0059,File Metadata,91,91,True,True,True,exact_event_observed,3,BOTS | EVTX
T1565.003,Runtime Data Manipulation,DC0061,File Modification,150,150,True,True,True,exact_event_observed,3,BOTS | EVTX
T1565.003,Runtime Data Manipulation,DC0063,Windows Registry Key Modification,9,9,True,True,True,exact_event_observed,3,BOTS | EVTX
T1566,Phishing,DC0032,Process Creation,333,333,True,True,True,exact_event_observed,3,BOTS | EVTX
T1566,Phishing,DC0038,Application Log Content,229,229,True,True,True,exact_event_observed,3,BOTS | EVTX
T1566,Phishing,DC0039,File Creation,128,128,True,True,True,exact_event_observed,3,BOTS | EVTX
T1566,Phishing,DC0067,Logon Session Creation,67,67,True,True,True,exact_event_observed,3,BOTS | EVTX
T1566.001,Spearphishing Attachment,DC0032,Process Creation,333,333,True,True,True,exact_event_observed,3,BOTS | EVTX
T1566.001,Spearphishing Attachment,DC0038,Application Log Content,229,229,True,True,True,exact_event_observed,3,BOTS | EVTX
T1566.001,Spearphishing Attachment,DC0039,File Creation,128,128,True,True,True,exact_event_observed,3,BOTS | EVTX
T1566.001,Spearphishing Attachment,DC0078,Network Traffic Flow,159,159,True,False,True,source_observed,2,BOTS | EVTX
T1566.001,Spearphishing Attachment,DC0082,Network Connection Creation,98,98,True,True,True,exact_event_observed,3,BOTS | EVTX
T1566.002,Spearphishing Link,DC0032,Process Creation,333,333,True,True,True,exact_event_observed,3,BOTS | EVTX
T1566.002,Spearphishing Link,DC0038,Application Log Content,229,229,True,True,True,exact_event_observed,3,BOTS | EVTX
T1566.002,Spearphishing Link,DC0078,Network Traffic Flow,159,159,True,False,True,source_observed,2,BOTS | EVTX
T1566.002,Spearphishing Link,DC0082,Network Connection Creation,98,98,True,True,True,exact_event_observed,3,BOTS | EVTX
T1566.002,Spearphishing Link,DC0085,Network Traffic Content,279,279,True,False,True,source_observed,2,BOTS | EVTX
T1566.003,Spearphishing via Service,DC0032,Process Creation,333,333,True,True,True,exact_event_observed,3,BOTS | EVTX
T1566.003,Spearphishing via Service,DC0038,Application Log Content,229,229,True,True,True,exact_event_observed,3,BOTS | EVTX
T1566.003,Spearphishing via Service,DC0039,File Creation,128,128,True,True,True,exact_event_observed,3,BOTS | EVTX
T1566.003,Spearphishing via Service,DC0078,Network Traffic Flow,159,159,True,False,True,source_observed,2,BOTS | EVTX
T1566.003,Spearphishing via Service,DC0082,Network Connection Creation,98,98,True,True,True,exact_event_observed,3,BOTS | EVTX
T1566.003,Spearphishing via Service,DC0085,Network Traffic Content,279,279,True,False,True,source_observed,2,BOTS | EVTX
T1566.004,Spearphishing Voice,DC0038,Application Log Content,229,229,True,True,True,exact_event_observed,3,BOTS | EVTX
T1567,Exfiltration Over Web Service,DC0032,Process Creation,333,333,True,True,True,exact_event_observed,3,BOTS | EVTX
T1567,Exfiltration Over Web Service,DC0038,Application Log Content,229,229,True,True,True,exact_event_observed,3,BOTS | EVTX
T1567,Exfiltration Over Web Service,DC0039,File Creation,128,128,True,True,True,exact_event_observed,3,BOTS | EVTX
T1567,Exfiltration Over Web Service,DC0055,File Access,113,113,True,True,True,exact_event_observed,3,BOTS | EVTX
T1567,Exfiltration Over Web Service,DC0064,Command Execution,291,291,True,True,True,exact_event_observed,3,BOTS | EVTX
T1567,Exfiltration Over Web Service,DC0078,Network Traffic Flow,159,159,True,False,True,source_observed,2,BOTS | EVTX
T1567,Exfiltration Over Web Service,DC0082,Network Connection Creation,98,98,True,True,True,exact_event_observed,3,BOTS | EVTX
T1567,Exfiltration Over Web Service,DC0085,Network Traffic Content,279,279,True,False,True,source_observed,2,BOTS | EVTX
T1567.001,Exfiltration to Code Repository,DC0032,Process Creation,333,333,True,True,True,exact_event_observed,3,BOTS | EVTX
T1567.001,Exfiltration to Code Repository,DC0055,File Access,113,113,True,True,True,exact_event_observed,3,BOTS | EVTX
T1567.001,Exfiltration to Code Repository,DC0064,Command Execution,291,291,True,True,True,exact_event_observed,3,BOTS | EVTX
T1567.001,Exfiltration to Code Repository,DC0078,Network Traffic Flow,159,159,True,False,True,source_observed,2,BOTS | EVTX
T1567.001,Exfiltration to Code Repository,DC0082,Network Connection Creation,98,98,True,True,True,exact_event_observed,3,BOTS | EVTX
T1567.001,Exfiltration to Code Repository,DC0085,Network Traffic Content,279,279,True,False,True,source_observed,2,BOTS | EVTX
T1567.002,Exfiltration to Cloud Storage,DC0032,Process Creation,333,333,True,True,True,exact_event_observed,3,BOTS | EVTX
T1567.002,Exfiltration to Cloud Storage,DC0055,File Access,113,113,True,True,True,exact_event_observed,3,BOTS | EVTX
T1567.002,Exfiltration to Cloud Storage,DC0064,Command Execution,291,291,True,True,True,exact_event_observed,3,BOTS | EVTX
T1567.002,Exfiltration to Cloud Storage,DC0078,Network Traffic Flow,159,159,True,False,True,source_observed,2,BOTS | EVTX
T1567.002,Exfiltration to Cloud Storage,DC0082,Network Connection Creation,98,98,True,True,True,exact_event_observed,3,BOTS | EVTX
T1567.002,Exfiltration to Cloud Storage,DC0085,Network Traffic Content,279,279,True,False,True,source_observed,2,BOTS | EVTX
T1567.003,Exfiltration to Text Storage Sites,DC0032,Process Creation,333,333,True,True,True,exact_event_observed,3,BOTS | EVTX
T1567.003,Exfiltration to Text Storage Sites,DC0055,File Access,113,113,True,True,True,exact_event_observed,3,BOTS | EVTX
T1567.003,Exfiltration to Text Storage Sites,DC0064,Command Execution,291,291,True,True,True,exact_event_observed,3,BOTS | EVTX
T1567.003,Exfiltration to Text Storage Sites,DC0078,Network Traffic Flow,159,159,True,False,True,source_observed,2,BOTS | EVTX
T1567.003,Exfiltration to Text Storage Sites,DC0082,Network Connection Creation,98,98,True,True,True,exact_event_observed,3,BOTS | EVTX
T1567.003,Exfiltration to Text Storage Sites,DC0085,Network Traffic Content,279,279,True,False,True,source_observed,2,BOTS | EVTX
T1567.004,Exfiltration Over Webhook,DC0032,Process Creation,333,333,True,True,True,exact_event_observed,3,BOTS | EVTX
T1567.004,Exfiltration Over Webhook,DC0038,Application Log Content,229,229,True,True,True,exact_event_observed,3,BOTS | EVTX
T1567.004,Exfiltration Over Webhook,DC0055,File Access,113,113,True,True,True,exact_event_observed,3,BOTS | EVTX
T1567.004,Exfiltration Over Webhook,DC0064,Command Execution,291,291,True,True,True,exact_event_observed,3,BOTS | EVTX
T1567.004,Exfiltration Over Webhook,DC0078,Network Traffic Flow,159,159,True,False,True,source_observed,2,BOTS | EVTX
T1567.004,Exfiltration Over Webhook,DC0082,Network Connection Creation,98,98,True,True,True,exact_event_observed,3,BOTS | EVTX
T1567.004,Exfiltration Over Webhook,DC0085,Network Traffic Content,279,279,True,False,True,source_observed,2,BOTS | EVTX
T1568,Dynamic Resolution,DC0032,Process Creation,333,333,True,True,True,exact_event_observed,3,BOTS | EVTX
T1568,Dynamic Resolution,DC0078,Network Traffic Flow,159,159,True,False,True,source_observed,2,BOTS | EVTX
T1568,Dynamic Resolution,DC0082,Network Connection Creation,98,98,True,True,True,exact_event_observed,3,BOTS | EVTX
T1568,Dynamic Resolution,DC0085,Network Traffic Content,279,279,True,False,True,source_observed,2,BOTS | EVTX
T1568.001,Fast Flux DNS,DC0032,Process Creation,333,333,True,True,True,exact_event_observed,3,BOTS | EVTX
T1568.001,Fast Flux DNS,DC0078,Network Traffic Flow,159,159,True,False,True,source_observed,2,BOTS | EVTX
T1568.001,Fast Flux DNS,DC0082,Network Connection Creation,98,98,True,True,True,exact_event_observed,3,BOTS | EVTX
T1568.002,Domain Generation Algorithms,DC0032,Process Creation,333,333,True,True,True,exact_event_observed,3,BOTS | EVTX
T1568.002,Domain Generation Algorithms,DC0078,Network Traffic Flow,159,159,True,False,True,source_observed,2,BOTS | EVTX
T1568.002,Domain Generation Algorithms,DC0082,Network Connection Creation,98,98,True,True,True,exact_event_observed,3,BOTS | EVTX
T1568.002,Domain Generation Algorithms,DC0085,Network Traffic Content,279,279,True,False,True,source_observed,2,BOTS | EVTX
T1568.003,DNS Calculation,DC0032,Process Creation,333,333,True,True,True,exact_event_observed,3,BOTS | EVTX
T1568.003,DNS Calculation,DC0078,Network Traffic Flow,159,159,True,False,True,source_observed,2,BOTS | EVTX
T1568.003,DNS Calculation,DC0082,Network Connection Creation,98,98,True,True,True,exact_event_observed,3,BOTS | EVTX
T1568.003,DNS Calculation,DC0085,Network Traffic Content,279,279,True,False,True,source_observed,2,BOTS | EVTX
T1569,System Services,DC0032,Process Creation,333,333,True,True,True,exact_event_observed,3,BOTS | EVTX
T1569,System Services,DC0060,Service Creation,15,15,True,True,True,exact_event_observed,3,BOTS | EVTX
T1569,System Services,DC0061,File Modification,150,150,True,True,True,exact_event_observed,3,BOTS | EVTX
T1569,System Services,DC0063,Windows Registry Key Modification,9,9,True,True,True,exact_event_observed,3,BOTS | EVTX
T1569.001,Launchctl,DC0032,Process Creation,333,333,True,True,True,exact_event_observed,3,BOTS | EVTX
T1569.001,Launchctl,DC0060,Service Creation,15,15,True,True,True,exact_event_observed,3,BOTS | EVTX
T1569.001,Launchctl,DC0061,File Modification,150,150,True,True,True,exact_event_observed,3,BOTS | EVTX
T1569.001,Launchctl,DC0064,Command Execution,291,291,True,True,True,exact_event_observed,3,BOTS | EVTX
T1569.002,Service Execution,DC0032,Process Creation,333,333,True,True,True,exact_event_observed,3,BOTS | EVTX
T1569.002,Service Execution,DC0060,Service Creation,15,15,True,True,True,exact_event_observed,3,BOTS | EVTX
T1569.002,Service Execution,DC0063,Windows Registry Key Modification,9,9,True,True,True,exact_event_observed,3,BOTS | EVTX
T1569.002,Service Execution,DC0082,Network Connection Creation,98,98,True,True,True,exact_event_observed,3,BOTS | EVTX
T1569.003,Systemctl,DC0032,Process Creation,333,333,True,True,True,exact_event_observed,3,BOTS | EVTX
T1569.003,Systemctl,DC0060,Service Creation,15,15,True,True,True,exact_event_observed,3,BOTS | EVTX
T1569.003,Systemctl,DC0061,File Modification,150,150,True,True,True,exact_event_observed,3,BOTS | EVTX
T1569.003,Systemctl,DC0064,Command Execution,291,291,True,True,True,exact_event_observed,3,BOTS | EVTX
T1570,Lateral Tool Transfer,DC0032,Process Creation,333,333,True,True,True,exact_event_observed,3,BOTS | EVTX
T1570,Lateral Tool Transfer,DC0039,File Creation,128,128,True,True,True,exact_event_observed,3,BOTS | EVTX
T1570,Lateral Tool Transfer,DC0059,File Metadata,91,91,True,True,True,exact_event_observed,3,BOTS | EVTX
T1570,Lateral Tool Transfer,DC0064,Command Execution,291,291,True,True,True,exact_event_observed,3,BOTS | EVTX
T1570,Lateral Tool Transfer,DC0102,Network Share Access,7,7,True,True,True,exact_event_observed,3,BOTS | EVTX
T1571,Non-Standard Port,DC0032,Process Creation,333,333,True,True,True,exact_event_observed,3,BOTS | EVTX
T1571,Non-Standard Port,DC0038,Application Log Content,229,229,True,True,True,exact_event_observed,3,BOTS | EVTX
T1571,Non-Standard Port,DC0078,Network Traffic Flow,159,159,True,False,True,source_observed,2,BOTS | EVTX
T1571,Non-Standard Port,DC0082,Network Connection Creation,98,98,True,True,True,exact_event_observed,3,BOTS | EVTX
T1571,Non-Standard Port,DC0085,Network Traffic Content,279,279,True,False,True,source_observed,2,BOTS | EVTX
T1572,Protocol Tunneling,DC0032,Process Creation,333,333,True,True,True,exact_event_observed,3,BOTS | EVTX
T1572,Protocol Tunneling,DC0038,Application Log Content,229,229,True,True,True,exact_event_observed,3,BOTS | EVTX
T1572,Protocol Tunneling,DC0078,Network Traffic Flow,159,159,True,False,True,source_observed,2,BOTS | EVTX
T1572,Protocol Tunneling,DC0082,Network Connection Creation,98,98,True,True,True,exact_event_observed,3,BOTS | EVTX
T1572,Protocol Tunneling,DC0085,Network Traffic Content,279,279,True,False,True,source_observed,2,BOTS | EVTX
T1573,Encrypted Channel,DC0016,Module Load,45,45,True,True,True,exact_event_observed,3,BOTS | EVTX
T1573,Encrypted Channel,DC0032,Process Creation,333,333,True,True,True,exact_event_observed,3,BOTS | EVTX
T1573,Encrypted Channel,DC0038,Application Log Content,229,229,True,True,True,exact_event_observed,3,BOTS | EVTX
T1573,Encrypted Channel,DC0078,Network Traffic Flow,159,159,True,False,True,source_observed,2,BOTS | EVTX
T1573,Encrypted Channel,DC0082,Network Connection Creation,98,98,True,True,True,exact_event_observed,3,BOTS | EVTX
T1573,Encrypted Channel,DC0085,Network Traffic Content,279,279,True,False,True,source_observed,2,BOTS | EVTX
T1573.001,Symmetric Cryptography,DC0016,Module Load,45,45,True,True,True,exact_event_observed,3,BOTS | EVTX
T1573.001,Symmetric Cryptography,DC0032,Process Creation,333,333,True,True,True,exact_event_observed,3,BOTS | EVTX
T1573.001,Symmetric Cryptography,DC0038,Application Log Content,229,229,True,True,True,exact_event_observed,3,BOTS | EVTX
T1573.001,Symmetric Cryptography,DC0078,Network Traffic Flow,159,159,True,False,True,source_observed,2,BOTS | EVTX
T1573.001,Symmetric Cryptography,DC0082,Network Connection Creation,98,98,True,True,True,exact_event_observed,3,BOTS | EVTX
T1573.001,Symmetric Cryptography,DC0085,Network Traffic Content,279,279,True,False,True,source_observed,2,BOTS | EVTX
T1573.002,Asymmetric Cryptography,DC0016,Module Load,45,45,True,True,True,exact_event_observed,3,BOTS | EVTX
T1573.002,Asymmetric Cryptography,DC0032,Process Creation,333,333,True,True,True,exact_event_observed,3,BOTS | EVTX
T1573.002,Asymmetric Cryptography,DC0038,Application Log Content,229,229,True,True,True,exact_event_observed,3,BOTS | EVTX
T1573.002,Asymmetric Cryptography,DC0078,Network Traffic Flow,159,159,True,False,True,source_observed,2,BOTS | EVTX
T1573.002,Asymmetric Cryptography,DC0082,Network Connection Creation,98,98,True,True,True,exact_event_observed,3,BOTS | EVTX
T1573.002,Asymmetric Cryptography,DC0085,Network Traffic Content,279,279,True,False,True,source_observed,2,BOTS | EVTX
T1574,Hijack Execution Flow,DC0016,Module Load,45,45,True,True,True,exact_event_observed,3,BOTS | EVTX
T1574,Hijack Execution Flow,DC0032,Process Creation,333,333,True,True,True,exact_event_observed,3,BOTS | EVTX
T1574,Hijack Execution Flow,DC0039,File Creation,128,128,True,True,True,exact_event_observed,3,BOTS | EVTX
T1574,Hijack Execution Flow,DC0041,Service Metadata,22,22,True,True,True,exact_event_observed,3,BOTS | EVTX
T1574,Hijack Execution Flow,DC0061,File Modification,150,150,True,True,True,exact_event_observed,3,BOTS | EVTX
T1574,Hijack Execution Flow,DC0063,Windows Registry Key Modification,9,9,True,True,True,exact_event_observed,3,BOTS | EVTX
T1574.001,DLL,DC0016,Module Load,45,45,True,True,True,exact_event_observed,3,BOTS | EVTX
T1574.001,DLL,DC0032,Process Creation,333,333,True,True,True,exact_event_observed,3,BOTS | EVTX
T1574.001,DLL,DC0039,File Creation,128,128,True,True,True,exact_event_observed,3,BOTS | EVTX
T1574.001,DLL,DC0059,File Metadata,91,91,True,True,True,exact_event_observed,3,BOTS | EVTX
T1574.001,DLL,DC0063,Windows Registry Key Modification,9,9,True,True,True,exact_event_observed,3,BOTS | EVTX
T1574.004,Dylib Hijacking,DC0016,Module Load,45,45,True,True,True,exact_event_observed,3,BOTS | EVTX
T1574.004,Dylib Hijacking,DC0039,File Creation,128,128,True,True,True,exact_event_observed,3,BOTS | EVTX
T1574.004,Dylib Hijacking,DC0061,File Modification,150,150,True,True,True,exact_event_observed,3,BOTS | EVTX
T1574.005,Executable Installer File Permissions Weakness,DC0016,Module Load,45,45,True,True,True,exact_event_observed,3,BOTS | EVTX
T1574.005,Executable Installer File Permissions Weakness,DC0032,Process Creation,333,333,True,True,True,exact_event_observed,3,BOTS | EVTX
T1574.005,Executable Installer File Permissions Weakness,DC0039,File Creation,128,128,True,True,True,exact_event_observed,3,BOTS | EVTX
T1574.005,Executable Installer File Permissions Weakness,DC0059,File Metadata,91,91,True,True,True,exact_event_observed,3,BOTS | EVTX
T1574.006,Dynamic Linker Hijacking,DC0016,Module Load,45,45,True,True,True,exact_event_observed,3,BOTS | EVTX
T1574.006,Dynamic Linker Hijacking,DC0032,Process Creation,333,333,True,True,True,exact_event_observed,3,BOTS | EVTX
T1574.006,Dynamic Linker Hijacking,DC0034,Process Metadata,45,45,True,False,True,source_observed,2,BOTS | EVTX
T1574.006,Dynamic Linker Hijacking,DC0039,File Creation,128,128,True,True,True,exact_event_observed,3,BOTS | EVTX
T1574.006,Dynamic Linker Hijacking,DC0061,File Modification,150,150,True,True,True,exact_event_observed,3,BOTS | EVTX
T1574.007,Path Interception by PATH Environment Variable,DC0032,Process Creation,333,333,True,True,True,exact_event_observed,3,BOTS | EVTX
T1574.007,Path Interception by PATH Environment Variable,DC0039,File Creation,128,128,True,True,True,exact_event_observed,3,BOTS | EVTX
T1574.007,Path Interception by PATH Environment Variable,DC0061,File Modification,150,150,True,True,True,exact_event_observed,3,BOTS | EVTX
T1574.007,Path Interception by PATH Environment Variable,DC0063,Windows Registry Key Modification,9,9,True,True,True,exact_event_observed,3,BOTS | EVTX
T1574.008,Path Interception by Search Order Hijacking,DC0032,Process Creation,333,333,True,True,True,exact_event_observed,3,BOTS | EVTX
T1574.008,Path Interception by Search Order Hijacking,DC0039,File Creation,128,128,True,True,True,exact_event_observed,3,BOTS | EVTX
T1574.008,Path Interception by Search Order Hijacking,DC0059,File Metadata,91,91,True,True,True,exact_event_observed,3,BOTS | EVTX
T1574.009,Path Interception by Unquoted Path,DC0032,Process Creation,333,333,True,True,True,exact_event_observed,3,BOTS | EVTX
T1574.009,Path Interception by Unquoted Path,DC0039,File Creation,128,128,True,True,True,exact_event_observed,3,BOTS | EVTX
T1574.009,Path Interception by Unquoted Path,DC0059,File Metadata,91,91,True,True,True,exact_event_observed,3,BOTS | EVTX
T1574.009,Path Interception by Unquoted Path,DC0063,Windows Registry Key Modification,9,9,True,True,True,exact_event_observed,3,BOTS | EVTX
T1574.010,Services File Permissions Weakness,DC0032,Process Creation,333,333,True,True,True,exact_event_observed,3,BOTS | EVTX
T1574.010,Services File Permissions Weakness,DC0039,File Creation,128,128,True,True,True,exact_event_observed,3,BOTS | EVTX
T1574.010,Services File Permissions Weakness,DC0059,File Metadata,91,91,True,True,True,exact_event_observed,3,BOTS | EVTX
T1574.010,Services File Permissions Weakness,DC0060,Service Creation,15,15,True,True,True,exact_event_observed,3,BOTS | EVTX
T1574.011,Services Registry Permissions Weakness,DC0032,Process Creation,333,333,True,True,True,exact_event_observed,3,BOTS | EVTX
T1574.011,Services Registry Permissions Weakness,DC0063,Windows Registry Key Modification,9,9,True,True,True,exact_event_observed,3,BOTS | EVTX
T1574.011,Services Registry Permissions Weakness,DC0065,Service Modification,4,4,True,False,True,source_observed,2,BOTS | EVTX
T1574.012,COR_PROFILER,DC0016,Module Load,45,45,True,True,True,exact_event_observed,3,BOTS | EVTX
T1574.012,COR_PROFILER,DC0032,Process Creation,333,333,True,True,True,exact_event_observed,3,BOTS | EVTX
T1574.012,COR_PROFILER,DC0039,File Creation,128,128,True,True,True,exact_event_observed,3,BOTS | EVTX
T1574.012,COR_PROFILER,DC0063,Windows Registry Key Modification,9,9,True,True,True,exact_event_observed,3,BOTS | EVTX
T1574.013,KernelCallbackTable,DC0021,OS API Execution,170,170,True,True,True,exact_event_observed,3,BOTS | EVTX
T1574.013,KernelCallbackTable,DC0032,Process Creation,333,333,True,True,True,exact_event_observed,3,BOTS | EVTX
T1574.013,KernelCallbackTable,DC0035,Process Access,35,35,True,True,True,exact_event_observed,3,BOTS | EVTX
T1574.014,AppDomainManager,DC0016,Module Load,45,45,True,True,True,exact_event_observed,3,BOTS | EVTX
T1574.014,AppDomainManager,DC0032,Process Creation,333,333,True,True,True,exact_event_observed,3,BOTS | EVTX
T1574.014,AppDomainManager,DC0039,File Creation,128,128,True,True,True,exact_event_observed,3,BOTS | EVTX
T1578,Modify Cloud Compute Infrastructure,DC0049,Snapshot Deletion,2,2,False,False,True,source_observed,2,BOTS
T1578,Modify Cloud Compute Infrastructure,DC0057,Snapshot Creation,3,3,False,False,True,source_observed,2,BOTS
T1578,Modify Cloud Compute Infrastructure,DC0058,Snapshot Modification,1,1,False,False,True,source_observed,2,BOTS
T1578,Modify Cloud Compute Infrastructure,DC0070,Cloud Service Metadata,10,10,False,False,True,source_observed,2,BOTS
T1578,Modify Cloud Compute Infrastructure,DC0080,Instance Start,2,2,False,False,True,source_observed,2,BOTS
T1578,Modify Cloud Compute Infrastructure,DC0089,Instance Stop,2,2,False,False,True,source_observed,2,BOTS
T1578,Modify Cloud Compute Infrastructure,DC0092,Volume Modification,2,2,False,False,True,source_observed,2,BOTS
T1578,Modify Cloud Compute Infrastructure,DC0097,Volume Creation,2,2,False,False,True,source_observed,2,BOTS | EVTX
T1578,Modify Cloud Compute Infrastructure,DC0098,Volume Deletion,2,2,False,False,True,source_observed,2,BOTS
T1578.001,Create Snapshot,DC0057,Snapshot Creation,3,3,False,False,True,source_observed,2,BOTS
T1578.001,Create Snapshot,DC0062,Snapshot Metadata,3,3,False,False,True,source_observed,2,BOTS
T1578.002,Create Cloud Instance,DC0076,Instance Creation,5,5,False,False,True,source_observed,2,BOTS
T1578.002,Create Cloud Instance,DC0080,Instance Start,2,2,False,False,True,source_observed,2,BOTS
T1578.002,Create Cloud Instance,DC0086,Instance Metadata,1,1,False,False,True,source_observed,2,BOTS
T1578.003,Delete Cloud Instance,DC0081,Instance Deletion,2,2,False,False,False,not_observed,0,
T1578.003,Delete Cloud Instance,DC0086,Instance Metadata,1,1,False,False,True,source_observed,2,BOTS
T1578.003,Delete Cloud Instance,DC0089,Instance Stop,2,2,False,False,True,source_observed,2,BOTS
T1578.004,Revert Cloud Instance,DC0073,Instance Modification,4,4,False,False,True,source_observed,2,BOTS
T1578.004,Revert Cloud Instance,DC0080,Instance Start,2,2,False,False,True,source_observed,2,BOTS
T1578.004,Revert Cloud Instance,DC0089,Instance Stop,2,2,False,False,True,source_observed,2,BOTS
T1578.005,Modify Cloud Compute Configurations,DC0069,Cloud Service Modification,31,31,False,False,True,source_observed,2,BOTS
T1580,Cloud Infrastructure Discovery,DC0017,Cloud Storage Enumeration,4,4,False,False,True,source_observed,2,BOTS
T1580,Cloud Infrastructure Discovery,DC0075,Instance Enumeration,5,5,False,False,True,source_observed,2,BOTS
T1580,Cloud Infrastructure Discovery,DC0086,Instance Metadata,1,1,False,False,True,source_observed,2,BOTS
T1583,Acquire Infrastructure,DC0096,Passive DNS,1,1,False,False,False,not_observed,0,
T1583,Acquire Infrastructure,DC0101,Domain Registration,3,3,False,False,False,not_observed,0,
T1583,Acquire Infrastructure,DC0103,Active DNS,1,1,False,False,False,not_observed,0,
T1583,Acquire Infrastructure,DC0104,Response Content,2,2,False,False,False,not_observed,0,
T1583,Acquire Infrastructure,DC0106,Response Metadata,2,2,False,False,False,not_observed,0,
T1583.001,Domains,DC0096,Passive DNS,1,1,False,False,False,not_observed,0,
T1583.001,Domains,DC0101,Domain Registration,3,3,False,False,False,not_observed,0,
T1583.001,Domains,DC0103,Active DNS,1,1,False,False,False,not_observed,0,
T1583.003,Virtual Private Server,DC0104,Response Content,2,2,False,False,False,not_observed,0,
T1583.003,Virtual Private Server,DC0106,Response Metadata,2,2,False,False,False,not_observed,0,
T1583.004,Server,DC0104,Response Content,2,2,False,False,False,not_observed,0,
T1583.004,Server,DC0106,Response Metadata,2,2,False,False,False,not_observed,0,
T1583.006,Web Services,DC0104,Response Content,2,2,False,False,False,not_observed,0,
T1583.007,Serverless,DC0104,Response Content,2,2,False,False,False,not_observed,0,
T1583.008,Malvertising,DC0104,Response Content,2,2,False,False,False,not_observed,0,
T1584,Compromise Infrastructure,DC0096,Passive DNS,1,1,False,False,False,not_observed,0,
T1584,Compromise Infrastructure,DC0101,Domain Registration,3,3,False,False,False,not_observed,0,
T1584,Compromise Infrastructure,DC0103,Active DNS,1,1,False,False,False,not_observed,0,
T1584,Compromise Infrastructure,DC0104,Response Content,2,2,False,False,False,not_observed,0,
T1584,Compromise Infrastructure,DC0106,Response Metadata,2,2,False,False,False,not_observed,0,
T1584.001,Domains,DC0096,Passive DNS,1,1,False,False,False,not_observed,0,
T1584.001,Domains,DC0101,Domain Registration,3,3,False,False,False,not_observed,0,
T1584.001,Domains,DC0103,Active DNS,1,1,False,False,False,not_observed,0,
T1584.002,DNS Server,DC0096,Passive DNS,1,1,False,False,False,not_observed,0,
T1584.002,DNS Server,DC0103,Active DNS,1,1,False,False,False,not_observed,0,
T1584.003,Virtual Private Server,DC0104,Response Content,2,2,False,False,False,not_observed,0,
T1584.003,Virtual Private Server,DC0106,Response Metadata,2,2,False,False,False,not_observed,0,
T1584.004,Server,DC0104,Response Content,2,2,False,False,False,not_observed,0,
T1584.004,Server,DC0106,Response Metadata,2,2,False,False,False,not_observed,0,
T1584.006,Web Services,DC0104,Response Content,2,2,False,False,False,not_observed,0,
T1584.007,Serverless,DC0104,Response Content,2,2,False,False,False,not_observed,0,
T1584.008,Network Devices,DC0104,Response Content,2,2,False,False,False,not_observed,0,
T1585,Establish Accounts,DC0052,Social Media,1,1,False,False,False,not_observed,0,
T1585,Establish Accounts,DC0085,Network Traffic Content,279,279,True,False,True,source_observed,2,BOTS | EVTX
T1585.001,Social Media Accounts,DC0052,Social Media,1,1,False,False,False,not_observed,0,
T1585.001,Social Media Accounts,DC0085,Network Traffic Content,279,279,True,False,True,source_observed,2,BOTS | EVTX
T1586,Compromise Accounts,DC0052,Social Media,1,1,False,False,False,not_observed,0,
T1586,Compromise Accounts,DC0085,Network Traffic Content,279,279,True,False,True,source_observed,2,BOTS | EVTX
T1586.001,Social Media Accounts,DC0052,Social Media,1,1,False,False,False,not_observed,0,
T1586.001,Social Media Accounts,DC0085,Network Traffic Content,279,279,True,False,True,source_observed,2,BOTS | EVTX
T1587,Develop Capabilities,DC0003,Malware Metadata,1,1,False,False,False,not_observed,0,
T1587,Develop Capabilities,DC0011,Malware Content,1,1,False,False,False,not_observed,0,
T1587,Develop Capabilities,DC0104,Response Content,2,2,False,False,False,not_observed,0,
T1587.001,Malware,DC0003,Malware Metadata,1,1,False,False,False,not_observed,0,
T1587.001,Malware,DC0011,Malware Content,1,1,False,False,False,not_observed,0,
T1587.002,Code Signing Certificates,DC0003,Malware Metadata,1,1,False,False,False,not_observed,0,
T1587.003,Digital Certificates,DC0104,Response Content,2,2,False,False,False,not_observed,0,
T1588,Obtain Capabilities,DC0003,Malware Metadata,1,1,False,False,False,not_observed,0,
T1588,Obtain Capabilities,DC0011,Malware Content,1,1,False,False,False,not_observed,0,
T1588,Obtain Capabilities,DC0093,Certificate Registration,1,1,False,False,False,not_observed,0,
T1588,Obtain Capabilities,DC0104,Response Content,2,2,False,False,False,not_observed,0,
T1588.001,Malware,DC0003,Malware Metadata,1,1,False,False,False,not_observed,0,
T1588.001,Malware,DC0011,Malware Content,1,1,False,False,False,not_observed,0,
T1588.002,Tool,DC0003,Malware Metadata,1,1,False,False,False,not_observed,0,
T1588.003,Code Signing Certificates,DC0003,Malware Metadata,1,1,False,False,False,not_observed,0,
T1588.004,Digital Certificates,DC0093,Certificate Registration,1,1,False,False,False,not_observed,0,
T1588.004,Digital Certificates,DC0104,Response Content,2,2,False,False,False,not_observed,0,
T1589,Gather Victim Identity Information,DC0085,Network Traffic Content,279,279,True,False,True,source_observed,2,BOTS | EVTX
T1589.002,Email Addresses,DC0085,Network Traffic Content,279,279,True,False,True,source_observed,2,BOTS | EVTX
T1592,Gather Victim Host Information,DC0104,Response Content,2,2,False,False,False,not_observed,0,
T1592.001,Hardware,DC0104,Response Content,2,2,False,False,False,not_observed,0,
T1592.002,Software,DC0104,Response Content,2,2,False,False,False,not_observed,0,
T1592.004,Client Configurations,DC0104,Response Content,2,2,False,False,False,not_observed,0,
T1594,Search Victim-Owned Websites,DC0038,Application Log Content,229,229,True,True,True,exact_event_observed,3,BOTS | EVTX
T1595,Active Scanning,DC0078,Network Traffic Flow,159,159,True,False,True,source_observed,2,BOTS | EVTX
T1595,Active Scanning,DC0085,Network Traffic Content,279,279,True,False,True,source_observed,2,BOTS | EVTX
T1595.001,Scanning IP Blocks,DC0078,Network Traffic Flow,159,159,True,False,True,source_observed,2,BOTS | EVTX
T1595.001,Scanning IP Blocks,DC0085,Network Traffic Content,279,279,True,False,True,source_observed,2,BOTS | EVTX
T1595.002,Vulnerability Scanning,DC0078,Network Traffic Flow,159,159,True,False,True,source_observed,2,BOTS | EVTX
T1595.002,Vulnerability Scanning,DC0085,Network Traffic Content,279,279,True,False,True,source_observed,2,BOTS | EVTX
T1595.003,Wordlist Scanning,DC0085,Network Traffic Content,279,279,True,False,True,source_observed,2,BOTS | EVTX
T1598,Phishing for Information,DC0038,Application Log Content,229,229,True,True,True,exact_event_observed,3,BOTS | EVTX
T1598,Phishing for Information,DC0078,Network Traffic Flow,159,159,True,False,True,source_observed,2,BOTS | EVTX
T1598,Phishing for Information,DC0085,Network Traffic Content,279,279,True,False,True,source_observed,2,BOTS | EVTX
T1598.001,Spearphishing Service,DC0038,Application Log Content,229,229,True,True,True,exact_event_observed,3,BOTS | EVTX
T1598.001,Spearphishing Service,DC0078,Network Traffic Flow,159,159,True,False,True,source_observed,2,BOTS | EVTX
T1598.001,Spearphishing Service,DC0085,Network Traffic Content,279,279,True,False,True,source_observed,2,BOTS | EVTX
T1598.002,Spearphishing Attachment,DC0038,Application Log Content,229,229,True,True,True,exact_event_observed,3,BOTS | EVTX
T1598.002,Spearphishing Attachment,DC0078,Network Traffic Flow,159,159,True,False,True,source_observed,2,BOTS | EVTX
T1598.002,Spearphishing Attachment,DC0085,Network Traffic Content,279,279,True,False,True,source_observed,2,BOTS | EVTX
T1598.003,Spearphishing Link,DC0038,Application Log Content,229,229,True,True,True,exact_event_observed,3,BOTS | EVTX
T1598.003,Spearphishing Link,DC0078,Network Traffic Flow,159,159,True,False,True,source_observed,2,BOTS | EVTX
T1598.003,Spearphishing Link,DC0085,Network Traffic Content,279,279,True,False,True,source_observed,2,BOTS | EVTX
T1598.004,Spearphishing Voice,DC0038,Application Log Content,229,229,True,True,True,exact_event_observed,3,BOTS | EVTX
T1599,Network Boundary Bridging,DC0078,Network Traffic Flow,159,159,True,False,True,source_observed,2,BOTS | EVTX
T1599,Network Boundary Bridging,DC0085,Network Traffic Content,279,279,True,False,True,source_observed,2,BOTS | EVTX
T1599.001,Network Address Translation Traversal,DC0078,Network Traffic Flow,159,159,True,False,True,source_observed,2,BOTS | EVTX
T1599.001,Network Address Translation Traversal,DC0085,Network Traffic Content,279,279,True,False,True,source_observed,2,BOTS | EVTX
T1600,Weaken Encryption,DC0016,Module Load,45,45,True,True,True,exact_event_observed,3,BOTS | EVTX
T1600,Weaken Encryption,DC0061,File Modification,150,150,True,True,True,exact_event_observed,3,BOTS | EVTX
T1600,Weaken Encryption,DC0085,Network Traffic Content,279,279,True,False,True,source_observed,2,BOTS | EVTX
T1600.001,Reduce Key Space,DC0061,File Modification,150,150,True,True,True,exact_event_observed,3,BOTS | EVTX
T1600.001,Reduce Key Space,DC0064,Command Execution,291,291,True,True,True,exact_event_observed,3,BOTS | EVTX
T1600.001,Reduce Key Space,DC0085,Network Traffic Content,279,279,True,False,True,source_observed,2,BOTS | EVTX
T1600.002,Disable Crypto Hardware,DC0061,File Modification,150,150,True,True,True,exact_event_observed,3,BOTS | EVTX
T1600.002,Disable Crypto Hardware,DC0064,Command Execution,291,291,True,True,True,exact_event_observed,3,BOTS | EVTX
T1600.002,Disable Crypto Hardware,DC0085,Network Traffic Content,279,279,True,False,True,source_observed,2,BOTS | EVTX
T1601,Modify System Image,DC0061,File Modification,150,150,True,True,True,exact_event_observed,3,BOTS | EVTX
T1601,Modify System Image,DC0064,Command Execution,291,291,True,True,True,exact_event_observed,3,BOTS | EVTX
T1601.001,Patch System Image,DC0004,Firmware Modification,19,19,False,False,True,source_observed,2,BOTS | EVTX
T1601.001,Patch System Image,DC0061,File Modification,150,150,True,True,True,exact_event_observed,3,BOTS | EVTX
T1601.001,Patch System Image,DC0064,Command Execution,291,291,True,True,True,exact_event_observed,3,BOTS | EVTX
T1601.002,Downgrade System Image,DC0059,File Metadata,91,91,True,True,True,exact_event_observed,3,BOTS | EVTX
T1601.002,Downgrade System Image,DC0061,File Modification,150,150,True,True,True,exact_event_observed,3,BOTS | EVTX
T1601.002,Downgrade System Image,DC0064,Command Execution,291,291,True,True,True,exact_event_observed,3,BOTS | EVTX
T1602,Data from Configuration Repository,DC0082,Network Connection Creation,98,98,True,True,True,exact_event_observed,3,BOTS | EVTX
T1602,Data from Configuration Repository,DC0085,Network Traffic Content,279,279,True,False,True,source_observed,2,BOTS | EVTX
T1602.001,SNMP (MIB Dump),DC0061,File Modification,150,150,True,True,True,exact_event_observed,3,BOTS | EVTX
T1602.001,SNMP (MIB Dump),DC0082,Network Connection Creation,98,98,True,True,True,exact_event_observed,3,BOTS | EVTX
T1602.001,SNMP (MIB Dump),DC0085,Network Traffic Content,279,279,True,False,True,source_observed,2,BOTS | EVTX
T1602.002,Network Device Configuration Dump,DC0002,User Account Authentication,109,109,True,True,True,exact_event_observed,3,BOTS | EVTX
T1602.002,Network Device Configuration Dump,DC0064,Command Execution,291,291,True,True,True,exact_event_observed,3,BOTS | EVTX
T1602.002,Network Device Configuration Dump,DC0082,Network Connection Creation,98,98,True,True,True,exact_event_observed,3,BOTS | EVTX
T1602.002,Network Device Configuration Dump,DC0085,Network Traffic Content,279,279,True,False,True,source_observed,2,BOTS | EVTX
T1606,Forge Web Credentials,DC0006,Web Credential Creation,5,5,False,False,True,source_observed,2,BOTS | EVTX
T1606,Forge Web Credentials,DC0007,Web Credential Usage,20,20,False,False,True,source_observed,2,BOTS
T1606,Forge Web Credentials,DC0035,Process Access,35,35,True,True,True,exact_event_observed,3,BOTS | EVTX
T1606,Forge Web Credentials,DC0055,File Access,113,113,True,True,True,exact_event_observed,3,BOTS | EVTX
T1606,Forge Web Credentials,DC0067,Logon Session Creation,67,67,True,True,True,exact_event_observed,3,BOTS | EVTX
T1606,Forge Web Credentials,DC0085,Network Traffic Content,279,279,True,False,True,source_observed,2,BOTS | EVTX
T1606.001,Web Cookies,DC0007,Web Credential Usage,20,20,False,False,True,source_observed,2,BOTS
T1606.001,Web Cookies,DC0039,File Creation,128,128,True,True,True,exact_event_observed,3,BOTS | EVTX
T1606.001,Web Cookies,DC0055,File Access,113,113,True,True,True,exact_event_observed,3,BOTS | EVTX
T1606.001,Web Cookies,DC0067,Logon Session Creation,67,67,True,True,True,exact_event_observed,3,BOTS | EVTX
T1606.001,Web Cookies,DC0082,Network Connection Creation,98,98,True,True,True,exact_event_observed,3,BOTS | EVTX
T1606.002,SAML Tokens,DC0002,User Account Authentication,109,109,True,True,True,exact_event_observed,3,BOTS | EVTX
T1606.002,SAML Tokens,DC0006,Web Credential Creation,5,5,False,False,True,source_observed,2,BOTS | EVTX
T1606.002,SAML Tokens,DC0007,Web Credential Usage,20,20,False,False,True,source_observed,2,BOTS
T1606.002,SAML Tokens,DC0067,Logon Session Creation,67,67,True,True,True,exact_event_observed,3,BOTS | EVTX
T1606.002,SAML Tokens,DC0088,Logon Session Metadata,34,34,True,True,True,exact_event_observed,3,BOTS | EVTX
T1608,Stage Capabilities,DC0104,Response Content,2,2,False,False,False,not_observed,0,
T1608.001,Upload Malware,DC0104,Response Content,2,2,False,False,False,not_observed,0,
T1608.002,Upload Tool,DC0104,Response Content,2,2,False,False,False,not_observed,0,
T1608.003,Install Digital Certificate,DC0104,Response Content,2,2,False,False,False,not_observed,0,
T1608.004,Drive-by Target,DC0104,Response Content,2,2,False,False,False,not_observed,0,
T1608.005,Link Target,DC0104,Response Content,2,2,False,False,False,not_observed,0,
T1608.006,SEO Poisoning,DC0104,Response Content,2,2,False,False,False,not_observed,0,
T1609,Container Administration Command,DC0032,Process Creation,333,333,True,True,True,exact_event_observed,3,BOTS | EVTX
T1609,Container Administration Command,DC0064,Command Execution,291,291,True,True,True,exact_event_observed,3,BOTS | EVTX
T1610,Deploy Container,DC0032,Process Creation,333,333,True,True,True,exact_event_observed,3,BOTS | EVTX
T1610,Deploy Container,DC0038,Application Log Content,229,229,True,True,True,exact_event_observed,3,BOTS | EVTX
T1610,Deploy Container,DC0077,Container Start,4,4,False,False,False,not_observed,0,
T1610,Deploy Container,DC0085,Network Traffic Content,279,279,True,False,True,source_observed,2,BOTS | EVTX
T1611,Escape to Host,DC0021,OS API Execution,170,170,True,True,True,exact_event_observed,3,BOTS | EVTX
T1611,Escape to Host,DC0031,Kernel Module Load,2,2,False,False,True,source_family_observed,1,BOTS
T1611,Escape to Host,DC0032,Process Creation,333,333,True,True,True,exact_event_observed,3,BOTS | EVTX
T1611,Escape to Host,DC0039,File Creation,128,128,True,True,True,exact_event_observed,3,BOTS | EVTX
T1611,Escape to Host,DC0072,Container Creation,8,8,False,False,False,not_observed,0,
T1611,Escape to Host,DC0092,Volume Modification,2,2,False,False,True,source_observed,2,BOTS
T1612,Build Image on Host,DC0015,Image Creation,6,6,False,False,True,source_observed,2,BOTS
T1612,Build Image on Host,DC0082,Network Connection Creation,98,98,True,True,True,exact_event_observed,3,BOTS | EVTX
T1613,Container and Resource Discovery,DC0037,Pod Enumeration,1,1,False,False,False,not_observed,0,
T1613,Container and Resource Discovery,DC0091,Container Enumeration,3,3,False,False,True,source_observed,2,BOTS
T1614,System Location Discovery,DC0021,OS API Execution,170,170,True,True,True,exact_event_observed,3,BOTS | EVTX
T1614,System Location Discovery,DC0032,Process Creation,333,333,True,True,True,exact_event_observed,3,BOTS | EVTX
T1614,System Location Discovery,DC0064,Command Execution,291,291,True,True,True,exact_event_observed,3,BOTS | EVTX
T1614,System Location Discovery,DC0085,Network Traffic Content,279,279,True,False,True,source_observed,2,BOTS | EVTX
T1614.001,System Language Discovery,DC0021,OS API Execution,170,170,True,True,True,exact_event_observed,3,BOTS | EVTX
T1614.001,System Language Discovery,DC0032,Process Creation,333,333,True,True,True,exact_event_observed,3,BOTS | EVTX
T1614.001,System Language Discovery,DC0050,Windows Registry Key Access,4,4,True,True,True,exact_event_observed,3,BOTS | EVTX
T1614.001,System Language Discovery,DC0064,Command Execution,291,291,True,True,True,exact_event_observed,3,BOTS | EVTX
T1615,Group Policy Discovery,DC0032,Process Creation,333,333,True,True,True,exact_event_observed,3,BOTS | EVTX
T1615,Group Policy Discovery,DC0064,Command Execution,291,291,True,True,True,exact_event_observed,3,BOTS | EVTX
T1615,Group Policy Discovery,DC0071,Active Directory Object Access,2,2,True,True,True,exact_event_observed,3,BOTS | EVTX
T1615,Group Policy Discovery,DC0085,Network Traffic Content,279,279,True,False,True,source_observed,2,BOTS | EVTX
T1619,Cloud Storage Object Discovery,DC0017,Cloud Storage Enumeration,4,4,False,False,True,source_observed,2,BOTS
T1619,Cloud Storage Object Discovery,DC0025,Cloud Storage Access,8,8,False,False,True,source_observed,2,BOTS
T1620,Reflective Code Loading,DC0016,Module Load,45,45,True,True,True,exact_event_observed,3,BOTS | EVTX
T1620,Reflective Code Loading,DC0021,OS API Execution,170,170,True,True,True,exact_event_observed,3,BOTS | EVTX
T1620,Reflective Code Loading,DC0029,Script Execution,32,32,True,True,True,exact_event_observed,3,BOTS | EVTX
T1620,Reflective Code Loading,DC0032,Process Creation,333,333,True,True,True,exact_event_observed,3,BOTS | EVTX
T1620,Reflective Code Loading,DC0035,Process Access,35,35,True,True,True,exact_event_observed,3,BOTS | EVTX
T1621,Multi-Factor Authentication Request Generation,DC0002,User Account Authentication,109,109,True,True,True,exact_event_observed,3,BOTS | EVTX
T1621,Multi-Factor Authentication Request Generation,DC0038,Application Log Content,229,229,True,True,True,exact_event_observed,3,BOTS | EVTX
T1621,Multi-Factor Authentication Request Generation,DC0088,Logon Session Metadata,34,34,True,True,True,exact_event_observed,3,BOTS | EVTX
T1622,Debugger Evasion,DC0021,OS API Execution,170,170,True,True,True,exact_event_observed,3,BOTS | EVTX
T1622,Debugger Evasion,DC0032,Process Creation,333,333,True,True,True,exact_event_observed,3,BOTS | EVTX
T1622,Debugger Evasion,DC0055,File Access,113,113,True,True,True,exact_event_observed,3,BOTS | EVTX
T1647,Plist File Modification,DC0032,Process Creation,333,333,True,True,True,exact_event_observed,3,BOTS | EVTX
T1647,Plist File Modification,DC0061,File Modification,150,150,True,True,True,exact_event_observed,3,BOTS | EVTX
T1647,Plist File Modification,DC0064,Command Execution,291,291,True,True,True,exact_event_observed,3,BOTS | EVTX
T1648,Serverless Execution,DC0038,Application Log Content,229,229,True,True,True,exact_event_observed,3,BOTS | EVTX
T1648,Serverless Execution,DC0069,Cloud Service Modification,31,31,False,False,True,source_observed,2,BOTS
T1649,Steal or Forge Authentication Certificates,DC0038,Application Log Content,229,229,True,True,True,exact_event_observed,3,BOTS | EVTX
T1649,Steal or Forge Authentication Certificates,DC0050,Windows Registry Key Access,4,4,True,True,True,exact_event_observed,3,BOTS | EVTX
T1649,Steal or Forge Authentication Certificates,DC0055,File Access,113,113,True,True,True,exact_event_observed,3,BOTS | EVTX
T1649,Steal or Forge Authentication Certificates,DC0064,Command Execution,291,291,True,True,True,exact_event_observed,3,BOTS | EVTX
T1649,Steal or Forge Authentication Certificates,DC0066,Active Directory Object Modification,11,11,True,True,True,exact_event_observed,3,BOTS | EVTX
T1649,Steal or Forge Authentication Certificates,DC0084,Active Directory Credential Request,5,5,True,True,True,exact_event_observed,3,BOTS | EVTX
T1651,Cloud Administration Command,DC0029,Script Execution,32,32,True,True,True,exact_event_observed,3,BOTS | EVTX
T1651,Cloud Administration Command,DC0032,Process Creation,333,333,True,True,True,exact_event_observed,3,BOTS | EVTX
T1651,Cloud Administration Command,DC0064,Command Execution,291,291,True,True,True,exact_event_observed,3,BOTS | EVTX
T1652,Device Driver Discovery,DC0032,Process Creation,333,333,True,True,True,exact_event_observed,3,BOTS | EVTX
T1652,Device Driver Discovery,DC0055,File Access,113,113,True,True,True,exact_event_observed,3,BOTS | EVTX
T1652,Device Driver Discovery,DC0063,Windows Registry Key Modification,9,9,True,True,True,exact_event_observed,3,BOTS | EVTX
T1652,Device Driver Discovery,DC0064,Command Execution,291,291,True,True,True,exact_event_observed,3,BOTS | EVTX
T1653,Power Settings,DC0032,Process Creation,333,333,True,True,True,exact_event_observed,3,BOTS | EVTX
T1653,Power Settings,DC0061,File Modification,150,150,True,True,True,exact_event_observed,3,BOTS | EVTX
T1653,Power Settings,DC0064,Command Execution,291,291,True,True,True,exact_event_observed,3,BOTS | EVTX
T1654,Log Enumeration,DC0032,Process Creation,333,333,True,True,True,exact_event_observed,3,BOTS | EVTX
T1654,Log Enumeration,DC0055,File Access,113,113,True,True,True,exact_event_observed,3,BOTS | EVTX
T1654,Log Enumeration,DC0064,Command Execution,291,291,True,True,True,exact_event_observed,3,BOTS | EVTX
T1657,Financial Theft,DC0032,Process Creation,333,333,True,True,True,exact_event_observed,3,BOTS | EVTX
T1657,Financial Theft,DC0038,Application Log Content,229,229,True,True,True,exact_event_observed,3,BOTS | EVTX
T1657,Financial Theft,DC0061,File Modification,150,150,True,True,True,exact_event_observed,3,BOTS | EVTX
T1657,Financial Theft,DC0064,Command Execution,291,291,True,True,True,exact_event_observed,3,BOTS | EVTX
T1657,Financial Theft,DC0067,Logon Session Creation,67,67,True,True,True,exact_event_observed,3,BOTS | EVTX
T1659,Content Injection,DC0032,Process Creation,333,333,True,True,True,exact_event_observed,3,BOTS | EVTX
T1659,Content Injection,DC0039,File Creation,128,128,True,True,True,exact_event_observed,3,BOTS | EVTX
T1659,Content Injection,DC0064,Command Execution,291,291,True,True,True,exact_event_observed,3,BOTS | EVTX
T1659,Content Injection,DC0085,Network Traffic Content,279,279,True,False,True,source_observed,2,BOTS | EVTX
T1665,Hide Infrastructure,DC0032,Process Creation,333,333,True,True,True,exact_event_observed,3,BOTS | EVTX
T1665,Hide Infrastructure,DC0082,Network Connection Creation,98,98,True,True,True,exact_event_observed,3,BOTS | EVTX
T1665,Hide Infrastructure,DC0085,Network Traffic Content,279,279,True,False,True,source_observed,2,BOTS | EVTX
T1665,Hide Infrastructure,DC0101,Domain Registration,3,3,False,False,False,not_observed,0,
T1665,Hide Infrastructure,DC0104,Response Content,2,2,False,False,False,not_observed,0,
T1665,Hide Infrastructure,DC0106,Response Metadata,2,2,False,False,False,not_observed,0,
T1666,Modify Cloud Resource Hierarchy,DC0069,Cloud Service Modification,31,31,False,False,True,source_observed,2,BOTS
T1667,Email Bombing,DC0038,Application Log Content,229,229,True,True,True,exact_event_observed,3,BOTS | EVTX
T1667,Email Bombing,DC0039,File Creation,128,128,True,True,True,exact_event_observed,3,BOTS | EVTX
T1668,Exclusive Control,DC0032,Process Creation,333,333,True,True,True,exact_event_observed,3,BOTS | EVTX
T1668,Exclusive Control,DC0033,Process Termination,13,13,True,True,True,exact_event_observed,3,BOTS | EVTX
T1668,Exclusive Control,DC0064,Command Execution,291,291,True,True,True,exact_event_observed,3,BOTS | EVTX
T1669,Wi-Fi Networks,DC0002,User Account Authentication,109,109,True,True,True,exact_event_observed,3,BOTS | EVTX
T1669,Wi-Fi Networks,DC0051,Firewall Rule Modification,14,14,False,False,True,source_observed,2,BOTS | EVTX
T1669,Wi-Fi Networks,DC0078,Network Traffic Flow,159,159,True,False,True,source_observed,2,BOTS | EVTX
T1669,Wi-Fi Networks,DC0082,Network Connection Creation,98,98,True,True,True,exact_event_observed,3,BOTS | EVTX
T1669,Wi-Fi Networks,DC0085,Network Traffic Content,279,279,True,False,True,source_observed,2,BOTS | EVTX
T1671,Cloud Application Integration,DC0038,Application Log Content,229,229,True,True,True,exact_event_observed,3,BOTS | EVTX
T1671,Cloud Application Integration,DC0066,Active Directory Object Modification,11,11,True,True,True,exact_event_observed,3,BOTS | EVTX
T1671,Cloud Application Integration,DC0069,Cloud Service Modification,31,31,False,False,True,source_observed,2,BOTS
T1673,Virtual Machine Discovery,DC0032,Process Creation,333,333,True,True,True,exact_event_observed,3,BOTS | EVTX
T1673,Virtual Machine Discovery,DC0064,Command Execution,291,291,True,True,True,exact_event_observed,3,BOTS | EVTX
T1674,Input Injection,DC0029,Script Execution,32,32,True,True,True,exact_event_observed,3,BOTS | EVTX
T1674,Input Injection,DC0032,Process Creation,333,333,True,True,True,exact_event_observed,3,BOTS | EVTX
T1674,Input Injection,DC0042,Drive Creation,22,22,True,False,True,source_observed,2,BOTS | EVTX
T1674,Input Injection,DC0064,Command Execution,291,291,True,True,True,exact_event_observed,3,BOTS | EVTX
T1675,ESXi Administration Command,DC0038,Application Log Content,229,229,True,True,True,exact_event_observed,3,BOTS | EVTX
T1677,Poisoned Pipeline Execution,DC0025,Cloud Storage Access,8,8,False,False,True,source_observed,2,BOTS
T1677,Poisoned Pipeline Execution,DC0059,File Metadata,91,91,True,True,True,exact_event_observed,3,BOTS | EVTX
T1677,Poisoned Pipeline Execution,DC0064,Command Execution,291,291,True,True,True,exact_event_observed,3,BOTS | EVTX
T1677,Poisoned Pipeline Execution,DC0069,Cloud Service Modification,31,31,False,False,True,source_observed,2,BOTS
T1677,Poisoned Pipeline Execution,DC0070,Cloud Service Metadata,10,10,False,False,True,source_observed,2,BOTS
T1678,Delay Execution,DC0016,Module Load,45,45,True,True,True,exact_event_observed,3,BOTS | EVTX
T1678,Delay Execution,DC0029,Script Execution,32,32,True,True,True,exact_event_observed,3,BOTS | EVTX
T1678,Delay Execution,DC0032,Process Creation,333,333,True,True,True,exact_event_observed,3,BOTS | EVTX
T1679,Selective Exclusion,DC0032,Process Creation,333,333,True,True,True,exact_event_observed,3,BOTS | EVTX
T1679,Selective Exclusion,DC0061,File Modification,150,150,True,True,True,exact_event_observed,3,BOTS | EVTX
T1679,Selective Exclusion,DC0064,Command Execution,291,291,True,True,True,exact_event_observed,3,BOTS | EVTX
T1680,Local Storage Discovery,DC0002,User Account Authentication,109,109,True,True,True,exact_event_observed,3,BOTS | EVTX
T1680,Local Storage Discovery,DC0032,Process Creation,333,333,True,True,True,exact_event_observed,3,BOTS | EVTX
T1680,Local Storage Discovery,DC0064,Command Execution,291,291,True,True,True,exact_event_observed,3,BOTS | EVTX
T1684,Social Engineering,DC0002,User Account Authentication,109,109,True,True,True,exact_event_observed,3,BOTS | EVTX
T1684,Social Engineering,DC0032,Process Creation,333,333,True,True,True,exact_event_observed,3,BOTS | EVTX
T1684,Social Engineering,DC0038,Application Log Content,229,229,True,True,True,exact_event_observed,3,BOTS | EVTX
T1684,Social Engineering,DC0039,File Creation,128,128,True,True,True,exact_event_observed,3,BOTS | EVTX
T1684,Social Engineering,DC0055,File Access,113,113,True,True,True,exact_event_observed,3,BOTS | EVTX
T1684,Social Engineering,DC0061,File Modification,150,150,True,True,True,exact_event_observed,3,BOTS | EVTX
T1684,Social Engineering,DC0064,Command Execution,291,291,True,True,True,exact_event_observed,3,BOTS | EVTX
T1684,Social Engineering,DC0067,Logon Session Creation,67,67,True,True,True,exact_event_observed,3,BOTS | EVTX
T1684,Social Engineering,DC0082,Network Connection Creation,98,98,True,True,True,exact_event_observed,3,BOTS | EVTX
T1684.001,Impersonation,DC0038,Application Log Content,229,229,True,True,True,exact_event_observed,3,BOTS | EVTX
T1684.001,Impersonation,DC0064,Command Execution,291,291,True,True,True,exact_event_observed,3,BOTS | EVTX
T1684.001,Impersonation,DC0067,Logon Session Creation,67,67,True,True,True,exact_event_observed,3,BOTS | EVTX
T1684.002,Email Spoofing,DC0038,Application Log Content,229,229,True,True,True,exact_event_observed,3,BOTS | EVTX
T1685,Disable or Modify Tools,DC0018,Host Status,50,50,True,True,True,exact_event_observed,3,BOTS | EVTX
T1685,Disable or Modify Tools,DC0032,Process Creation,333,333,True,True,True,exact_event_observed,3,BOTS | EVTX
T1685,Disable or Modify Tools,DC0033,Process Termination,13,13,True,True,True,exact_event_observed,3,BOTS | EVTX
T1685,Disable or Modify Tools,DC0041,Service Metadata,22,22,True,True,True,exact_event_observed,3,BOTS | EVTX
T1685,Disable or Modify Tools,DC0060,Service Creation,15,15,True,True,True,exact_event_observed,3,BOTS | EVTX
T1685,Disable or Modify Tools,DC0063,Windows Registry Key Modification,9,9,True,True,True,exact_event_observed,3,BOTS | EVTX
T1685,Disable or Modify Tools,DC0064,Command Execution,291,291,True,True,True,exact_event_observed,3,BOTS | EVTX
T1685,Disable or Modify Tools,DC0065,Service Modification,4,4,True,False,True,source_observed,2,BOTS | EVTX
T1685,Disable or Modify Tools,DC0069,Cloud Service Modification,31,31,False,False,True,source_observed,2,BOTS
T1685.001,Disable or Modify Windows Event Log,DC0032,Process Creation,333,333,True,True,True,exact_event_observed,3,BOTS | EVTX
T1685.001,Disable or Modify Windows Event Log,DC0038,Application Log Content,229,229,True,True,True,exact_event_observed,3,BOTS | EVTX
T1685.001,Disable or Modify Windows Event Log,DC0041,Service Metadata,22,22,True,True,True,exact_event_observed,3,BOTS | EVTX
T1685.001,Disable or Modify Windows Event Log,DC0063,Windows Registry Key Modification,9,9,True,True,True,exact_event_observed,3,BOTS | EVTX
T1685.002,Disable or Modify Cloud Log,DC0010,User Account Modification,41,41,True,True,True,exact_event_observed,3,BOTS | EVTX
T1685.002,Disable or Modify Cloud Log,DC0069,Cloud Service Modification,31,31,False,False,True,source_observed,2,BOTS
T1685.002,Disable or Modify Cloud Log,DC0090,Cloud Service Disable,5,5,False,False,True,source_observed,2,BOTS
T1685.003,Modify or Spoof Tool UI,DC0018,Host Status,50,50,True,True,True,exact_event_observed,3,BOTS | EVTX
T1685.003,Modify or Spoof Tool UI,DC0032,Process Creation,333,333,True,True,True,exact_event_observed,3,BOTS | EVTX
T1685.003,Modify or Spoof Tool UI,DC0060,Service Creation,15,15,True,True,True,exact_event_observed,3,BOTS | EVTX
T1685.004,Disable or Modify Linux Audit System Log,DC0020,Process Modification,19,19,True,True,True,exact_event_observed,3,BOTS | EVTX
T1685.004,Disable or Modify Linux Audit System Log,DC0041,Service Metadata,22,22,True,True,True,exact_event_observed,3,BOTS | EVTX
T1685.004,Disable or Modify Linux Audit System Log,DC0061,File Modification,150,150,True,True,True,exact_event_observed,3,BOTS | EVTX
T1685.004,Disable or Modify Linux Audit System Log,DC0064,Command Execution,291,291,True,True,True,exact_event_observed,3,BOTS | EVTX
T1685.005,Clear Windows Event Logs,DC0032,Process Creation,333,333,True,True,True,exact_event_observed,3,BOTS | EVTX
T1685.005,Clear Windows Event Logs,DC0038,Application Log Content,229,229,True,True,True,exact_event_observed,3,BOTS | EVTX
T1685.005,Clear Windows Event Logs,DC0040,File Deletion,25,25,True,True,True,exact_event_observed,3,BOTS | EVTX
T1685.006,Clear Linux or Mac System Logs,DC0032,Process Creation,333,333,True,True,True,exact_event_observed,3,BOTS | EVTX
T1685.006,Clear Linux or Mac System Logs,DC0040,File Deletion,25,25,True,True,True,exact_event_observed,3,BOTS | EVTX
T1685.006,Clear Linux or Mac System Logs,DC0061,File Modification,150,150,True,True,True,exact_event_observed,3,BOTS | EVTX
T1686,Disable or Modify System Firewall,DC0032,Process Creation,333,333,True,True,True,exact_event_observed,3,BOTS | EVTX
T1686,Disable or Modify System Firewall,DC0051,Firewall Rule Modification,14,14,False,False,True,source_observed,2,BOTS | EVTX
T1686,Disable or Modify System Firewall,DC0063,Windows Registry Key Modification,9,9,True,True,True,exact_event_observed,3,BOTS | EVTX
T1686,Disable or Modify System Firewall,DC0064,Command Execution,291,291,True,True,True,exact_event_observed,3,BOTS | EVTX
T1686.001,Cloud Firewall,DC0043,Firewall Disable,2,2,False,False,True,source_observed,2,BOTS
T1686.001,Cloud Firewall,DC0051,Firewall Rule Modification,14,14,False,False,True,source_observed,2,BOTS | EVTX
T1686.002,Network Device Firewall,DC0051,Firewall Rule Modification,14,14,False,False,True,source_observed,2,BOTS | EVTX
T1686.002,Network Device Firewall,DC0064,Command Execution,291,291,True,True,True,exact_event_observed,3,BOTS | EVTX
T1686.002,Network Device Firewall,DC0067,Logon Session Creation,67,67,True,True,True,exact_event_observed,3,BOTS | EVTX
T1686.002,Network Device Firewall,DC0082,Network Connection Creation,98,98,True,True,True,exact_event_observed,3,BOTS | EVTX
T1686.003,Windows Host Firewall,DC0032,Process Creation,333,333,True,True,True,exact_event_observed,3,BOTS | EVTX
T1686.003,Windows Host Firewall,DC0056,Windows Registry Key Creation,1,1,True,True,True,exact_event_observed,3,BOTS | EVTX
T1686.003,Windows Host Firewall,DC0060,Service Creation,15,15,True,True,True,exact_event_observed,3,BOTS | EVTX
T1686.003,Windows Host Firewall,DC0063,Windows Registry Key Modification,9,9,True,True,True,exact_event_observed,3,BOTS | EVTX
T1686.003,Windows Host Firewall,DC0082,Network Connection Creation,98,98,True,True,True,exact_event_observed,3,BOTS | EVTX
T1687,Exploitation for Defense Impairment,DC0032,Process Creation,333,333,True,True,True,exact_event_observed,3,BOTS | EVTX
T1687,Exploitation for Defense Impairment,DC0034,Process Metadata,45,45,True,False,True,source_observed,2,BOTS | EVTX
T1687,Exploitation for Defense Impairment,DC0038,Application Log Content,229,229,True,True,True,exact_event_observed,3,BOTS | EVTX
T1687,Exploitation for Defense Impairment,DC0041,Service Metadata,22,22,True,True,True,exact_event_observed,3,BOTS | EVTX
T1687,Exploitation for Defense Impairment,DC0051,Firewall Rule Modification,14,14,False,False,True,source_observed,2,BOTS | EVTX
T1687,Exploitation for Defense Impairment,DC0064,Command Execution,291,291,True,True,True,exact_event_observed,3,BOTS | EVTX
T1687,Exploitation for Defense Impairment,DC0073,Instance Modification,4,4,False,False,True,source_observed,2,BOTS
T1687,Exploitation for Defense Impairment,DC0074,Driver Metadata,1,1,False,False,False,not_observed,0,
T1687,Exploitation for Defense Impairment,DC0079,Driver Load,3,3,True,True,True,exact_event_observed,3,BOTS | EVTX
T1687,Exploitation for Defense Impairment,DC0085,Network Traffic Content,279,279,True,False,True,source_observed,2,BOTS | EVTX
T1687,Exploitation for Defense Impairment,DC0090,Cloud Service Disable,5,5,False,False,True,source_observed,2,BOTS
T1688,Safe Mode Boot,DC0032,Process Creation,333,333,True,True,True,exact_event_observed,3,BOTS | EVTX
T1688,Safe Mode Boot,DC0056,Windows Registry Key Creation,1,1,True,True,True,exact_event_observed,3,BOTS | EVTX
T1688,Safe Mode Boot,DC0063,Windows Registry Key Modification,9,9,True,True,True,exact_event_observed,3,BOTS | EVTX
T1689,Downgrade Attack,DC0032,Process Creation,333,333,True,True,True,exact_event_observed,3,BOTS | EVTX
T1689,Downgrade Attack,DC0034,Process Metadata,45,45,True,False,True,source_observed,2,BOTS | EVTX
T1689,Downgrade Attack,DC0063,Windows Registry Key Modification,9,9,True,True,True,exact_event_observed,3,BOTS | EVTX
T1689,Downgrade Attack,DC0064,Command Execution,291,291,True,True,True,exact_event_observed,3,BOTS | EVTX
T1690,Prevent Command History Logging,DC0032,Process Creation,333,333,True,True,True,exact_event_observed,3,BOTS | EVTX
T1690,Prevent Command History Logging,DC0064,Command Execution,291,291,True,True,True,exact_event_observed,3,BOTS | EVTX
